20210303_2349_Wed,シャンプー,try_1,SPA,1,,パンテーン ミー プレミアムダメージリペア- シャンプー・コンディショナーセット　ポンプ
20210303_2349_Wed,シャンプー,try_1,SPA,2,,【セット買い】 ヘアレシピ 和の実 つるん(ノンシリコンシャンプー ボトル350ml + トリートメント ボトル350g)
20210303_2349_Wed,シャンプー,try_1,SPA,3,,セグレタ プレミアム スパ フォーム シャンプー きめ細かい 炭酸 ※泡 本体 [ 170g ] ※炭酸ガス(噴射剤)
20210303_2349_Wed,シャンプー,try_1,SPA,4,,ヘアケアトラベルセット 【 無添加 天然由来洗浄 】 オルナ オーガニック ボタニカル ノンシリコンシャンプー / ノンシリコン トリートメント 500ml&500ml ヒアルロン酸 コラーゲン ビタミンC誘導体 セラミド 配合 (スカルプセット)
20210303_2349_Wed,シャンプー,try_1,SPA,5,,[Amazon限定ブランド] Koloha+Plus シャンプー トリートメント ヘアオイル セット ノンシリコン アミノ酸 オーガニック シャンプー 洗い流さないトリートメント レベナオーガニック
20210303_2349_Wed,シャンプー,try_1,SPA,6,,【Amazon.co.jp限定】 CLAYGE(クレージュ) クレージュ シャンプー&トリートメント【SN】本体ボトル セット 500mL + 500mL 白 500ml×2
20210303_2349_Wed,シャンプー,try_1,SPA,7,,【セット買い】 and and エアリーピーチの香り シャンプー & スウィートジャスミンの香り トリートメント [ ノンシリコン 処方 ]
20210303_2349_Wed,シャンプー,try_1,SPA,8,,デオコ スカルプケア シャンプー スウィートフローラル 350mL
20210303_2349_Wed,シャンプー,try_1,SPA,9,,ザ パブリック オーガニック シャンプー & トリートメント ベストコスメ 本体ボトル セット スーパーポジティブ 480mL + 480mL 2020年リニューアル
20210303_2349_Wed,シャンプー,try_1,SPA,10,,【Amazon.co.jp限定】 CLAYGE(クレージュ) クレージュ シャンプー&トリートメント【DN】本体ボトル セット 500mL + 500mL グレー 500ml×2
20210303_2349_Wed,シャンプー,try_1,SPA,11,,[Amazon限定ブランド] シンスボーテ オーガニック シャンプー & トリートメント ヘアケア セット 400ml NAOL
20210303_2349_Wed,シャンプー,try_1,SPA,12,,リアップエナジー薬用スカルプシャンプー ドライ 400ml
20210303_2349_Wed,コンディショナー,try_1,SPA,1,,クリア モイスト スカルプコンディショナーつめかえ600G
20210303_2349_Wed,コンディショナー,try_1,SPA,2,,【Amazon.co.jp限定】 ラックススーパーリッチシャイン 【大容量】ダメージリペア 補修 コンディショナー トリートメント 詰替え用 超特大 2000g
20210303_2349_Wed,コンディショナー,try_1,SPA,3,,【Amazon.co.jp限定】 CLEAR(クリア) フォーメン トータルケア スカルプ コンディショナー つめかえ用 トリートメント 詰め替え3.4回分
20210303_2349_Wed,コンディショナー,try_1,SPA,4,,【Amazon.co.jp限定】 Dove(ダヴ) 【大容量】モイスチャーケア コンディショナー トリートメント 詰替え用 超特大 2000g
20210303_2349_Wed,コンディショナー,try_1,SPA,5,,ラックスルミニーク ボタニカルピュア トリートメント つめかえ用 1kg
20210303_2349_Wed,コンディショナー,try_1,SPA,6,,【Amazon.co.jp限定】 LUX(ラックス) バイオフュージョン ダメージディフェンス コンディショナー 詰替え用 400g
20210303_2349_Wed,コンディショナー,try_1,SPA,7,,【Amazon.co.jp限定】 ラックススーパーリッチシャイン モイスチャー コンディショナー つめかえ用 トリートメント 詰め替え5.2個分
20210303_2349_Wed,コンディショナー,try_1,SPA,8,,ラックスルミニーク ダメージリペア トリートメント つめかえ用 1kg
20210303_2349_Wed,コンディショナー,try_1,SPA,9,,h&s for men(エイチアンドエスフォーメン) コンディショナー ボリュームアップ 詰め替え 超特大 900g トリートメント
20210303_2349_Wed,コンディショナー,try_1,SPA,10,,h&s for men(エイチアンドエスフォーメン) コンディショナー スカルプEX 詰め替え 超特大 900g トリートメント
20210303_2349_Wed,コンディショナー,try_1,SPA,11,,トリートメント 詰め替え (コンディショナー)【 ボタニカル トリートメント 】 オルナ オーガニック 無添加 天然由来洗浄 「 コラーゲン ヒアルロン酸 ビタミンC誘導体 セラミド 配合」 400ml (モイスチャー)
20210303_2349_Wed,コンディショナー,try_1,SPA,12,,リアップエナジー シャンプー オイリー&コンディショナー トライアルセット 28mL×2本
20210303_2349_Wed,ボディソープ,try_1,SPA,1,B0822DGL2Y,ビオレu ザ ボディ 〔 The Body 〕 泡タイプ ピュアリーサボンの香り ポンプ 540ml ＋ 泡タイプ用 ボディミトン セット 「高潤滑処方の生クリーム泡」 ボディソープ 清潔感のあるピュアリーサボンの香り +1枚
20210303_2349_Wed,ボディソープ,try_1,SPA,2,,ザ ボディ 〔 The Body 〕 泡タイプ ピュアリーサボンの香り つめかえ用 800ml×2個 + ビオレu 全身すっきりシート 10枚入 ボディソープ 清潔感のあるピュアリーサボンの香り
20210303_2349_Wed,ボディソープ,try_1,SPA,3,B082PXD5TS,ザ ボディ 〔 The Body 〕 泡タイプ ブリリアントブーケの香り つめかえ用 800ml×2個 + ビオレu 全身すっきりシート 10枚入 ボディソープ 華やかなブリリアントブーケの香り
20210303_2349_Wed,ボディソープ,try_1,SPA,4,,ザ ボディ 〔 The Body 〕 泡タイプ ヒーリングボタニカルの香り つめかえ用 800ml×2個 + ビオレu 全身すっきりシート 10枚入 ボディソープ 清々しいヒーリングボタニカルの香り
20210303_2349_Wed,ボディソープ,try_1,SPA,5,B082PY8T2G,Nile クレンジング ボディーソープ メンズ シャワーオイル 300ｍL
20210303_2349_Wed,ボディソープ,try_1,SPA,6,,REDEN(リデン) REDEN BODY SOAP(リデン ボディーソープ) グリーン ミント 500ml
20210303_2349_Wed,ボディソープ,try_1,SPA,7,B082PXK2JL,ラックスボディソープ ラックス ボディソープ ソフトローズ ポンプ 450g
20210303_2349_Wed,ボディソープ,try_1,SPA,8,,MOLTON BROWN(モルトンブラウン) カジュー&ライム コレクションC&L バス&シャワージェル ボディソープ 300ml
20210303_2349_Wed,ボディソープ,try_1,SPA,9,B077Z81S3J,MARO 全身用 ボディソープ 詰め替え 380ml
20210303_2349_Wed,ボディソープ,try_1,SPA,10,B01MXLWL0H,ボディソープ メンズ 【 背中ニキビ や 体臭 を防ぐ】 薬 用 ボディーソープ で 加齢臭 対策 「 無添加 の せっけん 成分」 石鹸 の 泡 が メンズ ニキビ 跡 を洗浄 「 デオドラント ボディソープ 」【 医薬部外品 】 MNKB 380ml
20210303_2349_Wed,ボディソープ,try_1,SPA,11,B07PGMWH7Z,Mellsavon(メルサボン) ボディウォッシュ レスティングフラワー460ml ボディソープ プルメリアの香り 460㎖
20210303_2349_Wed,ボディソープ,try_1,SPA,12,B0743GXHY6,NULL ボディソープ メンズ 医薬部外品（ 体臭 背中ニキビ お尻ニキビ を 防ぎ/加齢臭 を抑える ） マリンシトラス の香り 臭い対策 薬用 フレグランス ボディウォッシュ ボディーソープ ボディシャンプー 400ml
20210303_2349_Wed,ボディウォッシュ,try_1,SPA,1,,Rapter(ラプター) グルーミングボディウォッシュ メンズ向け [スパイス&フローラルの香り/220g] ボディソープ [ニオイケア成分をマイクロカプセル化] ボディケア
20210303_2349_Wed,ボディウォッシュ,try_1,SPA,2,B07ZBC9Q4P,NULL ボディソープ メンズ 医薬部外品（ 体臭 背中ニキビ お尻ニキビ を 防ぎ/加齢臭 を抑える ） マリンシトラス の香り 臭い対策 薬用 フレグランス ボディウォッシュ ボディーソープ ボディシャンプー 400ml
20210303_2349_Wed,ボディウォッシュ,try_1,SPA,3,,バルクオム ザ ボディウォッシュ 250g
20210303_2349_Wed,ボディウォッシュ,try_1,SPA,4,B07FKHJN87,メルサボン ボディウォッシュ グラースデイズ詰替4個セット
20210303_2349_Wed,ボディウォッシュ,try_1,SPA,5,,MOLTON BROWN(モルトンブラウン) サイプレス&シーフェンネル コレクション C&S バス&シャワージェル ボディソープ 300ml
20210303_2349_Wed,ボディウォッシュ,try_1,SPA,6,B01N45EAK1,MOLTON BROWN(モルトンブラウン) サイプレス&シーフェンネル コレクションC&S ハンドウォッシュ 300ml
20210303_2349_Wed,ボディウォッシュ,try_1,SPA,7,,MOLTON BROWN(モルトンブラウン) スマジンセン コレクションSG バス&シャワージェル ボディソープ 300ml
20210303_2349_Wed,ボディウォッシュ,try_1,SPA,8,B08PGK2XPV,MOLTON BROWN(モルトンブラウン) ブラックペッパー スポーツ 4-IN-1 ウォッシュ オールインワン 200ml
20210303_2349_Wed,ボディウォッシュ,try_1,SPA,9,,MOLTON BROWN(モルトンブラウン) インディアンクレス コレクションIC コンディショナー トリートメント 300ml
20210303_2349_Wed,ボディウォッシュ,try_1,SPA,10,B004HBB3UE,oAuLrX ボディウォッシュボール ポータブル天然ヘチマ バスボール 6個り 超柔軟 ボディースポンジ 泡立てネット 風呂ボール 風呂 背中 シャワー用品
20210303_2349_Wed,ボディウォッシュ,try_1,SPA,11,B077Z81S3J,【Amazon.co.jp限定】 Dove(ダヴ) 【大容量】ボディソープ(ボディウォッシュ) プレミアム モイスチャーケア 詰替え用 超特大 2800g
20210303_2349_Wed,ボディウォッシュ,try_1,SPA,12,B0743GXHY6,Mellsavon(メルサボン) ボディウォッシュ レスティングフラワー460ml ボディソープ プルメリアの香り 460㎖