20210630_2127_Wed,ルイボス,try_1,Organic,1,B07JGN484D,伊藤園 ヘルシールイボスティー ティーバッグ 2.0g×100袋
20210630_2127_Wed,ルイボス,try_1,Organic,2,B07P5XXCKP,伊藤園 ヘルシールイボスティー ティーバッグ デカフェ・ノンカフェイン 3.0g×60袋
20210630_2127_Wed,ルイボス,try_1,Organic,3,B01LZRRA4L,ナチュラルショップなごみ ルイボスティー オーガニック なごみ ×100個
20210630_2127_Wed,ルイボス,try_1,Organic,4,B086VVQQLL,【Amazon.co.jp限定】 リプトン アップルルイボス 75杯分 デカフェ・ノンカフェイン ティーバッグ
20210630_2127_Wed,ルイボス,try_1,Organic,5,B01N4DUIMX,オーガニック ルイボスティー 特級エクストラファイン 有機JAS ティーバッグ 3g×50包
20210630_2127_Wed,ルイボス,try_1,Organic,6,B086VT9YBL,【Amazon.co.jp限定】 リプトン バニラルイボス 75杯分 デカフェ・ノンカフェイン ティーバッグ
20210630_2127_Wed,ルイボス,try_1,Organic,7,B00E5W45AK,CARMIEN（カーミエン）オーガニック ルイボスティー ティーパック40袋入（100g）×4箱 JAN6009623190215
20210630_2127_Wed,ルイボス,try_1,Organic,8,B077S1ZCJW,国太楼 プレミアムルイボスティティーバッグ 100P
20210630_2127_Wed,ルイボス,try_1,Organic,9,B00DMTC4O6,有機栽培ルイボス茶　175g（3.5g×50包） ×２袋セット
20210630_2127_Wed,ルイボス,try_1,Organic,10,B010LJTLE0,● ルイボスティー ●【最高級100％茶葉の味の秘訣！】 オーガニック100％　有機100％（JAS認定） ノンカフェイン　妊娠中の妊婦さんや、小さい子供も飲める、ルイボス茶　最高級茶葉のマイルドな味わい【茶葉タイプ 100ｇ入】
20210630_2127_Wed,ルイボス,try_1,Organic,11,B08G4T1QXQ,リプトン ストロベリールイボス ティーバッグ 15袋入 ×6袋 デカフェ・ノンカフェイン
20210630_2127_Wed,ルイボス,try_1,Organic,12,B091THYMSB,OSKピュアライフルイボスティー2g×100袋 デカフェ・ノンカフェイン ティーバッグ
20210630_2127_Wed,ルイボス,try_1,Organic,13,B07Q8G2DSZ,オーガニック 有機ルイボス【有機JAS グリーン ルイボスティー】ティーパック80袋(160g)４パック / 総ポリフェノールが発酵ルイボスの４倍 SOD酵素入り 非発酵 ノンカフェイン
20210630_2127_Wed,ルイボス,try_1,Organic,14,B00ODR7JGO,ガスコ Gassオーガニックルイボスティー 90g
20210630_2127_Wed,ルイボス,try_1,Organic,15,B017JSHXHS,みんなの有機ルイボスティーティーバッグ 2gx43p×2袋
20210630_2127_Wed,ルイボス,try_1,Organic,16,B08VTB8SX9,AGF プロフェッショナル ルイボスティー1杯用 50本 粉末
20210630_2127_Wed,ルイボス,try_1,Organic,17,B000V2EWI8,OSK 有機 ルイボスティー 200g
20210630_2127_Wed,ルイボス,try_1,Organic,18,B000FQTEB0,山本漢方製薬 ルイボス茶100% 3gX20H
20210630_2127_Wed,ルイボス,try_1,Organic,19,B01LCDO8YM,日東紅茶 オーガニック ルイボスティー 20袋入り×3個
20210630_2127_Wed,ルイボス,try_1,Organic,20,B01LXSW7AY,ルイボスティー 粉末 スティック さらさらパウダー 50包
20210630_2127_Wed,ルイボス,try_1,Organic,21,B07G2G24K8,水出し ルイボスティー 有機栽培 無農薬 ルイボスティオーガニック ティーバッグ アイスも ホットも 60包（30包×2袋）
20210630_2127_Wed,ルイボス,try_1,Organic,22,B0084Z0D4Q,有機栽培ルイボス茶 175g（3.5g×50包）
20210630_2127_Wed,ルイボス,try_1,Organic,23,B005OUQXW0,ティーライフ ルイボスティー 2.0g×101個 (ノンカフェイン ルイボス茶 水出し お茶 ティーバッグ)
20210630_2127_Wed,ルイボス,try_1,Organic,24,B00YDW17IU,ガスコ Gassルイボスチャイ 60g
20210630_2127_Wed,ルイボス,try_1,Organic,25,B00JUFPW54,nichie 有機 ルイボスティー レッドマーク JP16 南アフリカ産 ティーバッグ 3g×80個
20210630_2127_Wed,ルイボス,try_1,Organic,26,B00TSC862U,ガスコ ミントルイボスティー30袋 54g 1 個
20210630_2127_Wed,ルイボス,try_1,Organic,27,B01M2VGMLR,ルイボスティー 有機栽培 お徳用110包（ 3g×55包入　2袋）
20210630_2127_Wed,ルイボス,try_1,Organic,28,B075KBHV56,OSK(オーエスケー) OSKノンカフェインやさしい玄米&グリーンルイボス28g(3.5g×8袋)×3個
20210630_2127_Wed,ルイボス,try_1,Organic,29,B002P7MR34,オリヒロ ブレンドルイボス茶 180g(3g×20包×3袋)
20210630_2127_Wed,ルイボス,try_1,Organic,30,B07XLQCCWJ,H&F BELX　プレミアム ピュアルイボスティー　ノンカフェイン (2.5g×20包)
20210630_2127_Wed,ルイボス,try_1,Organic,31,B000FQMIC2,OSK 有機ルイボスティー 32P
20210630_2127_Wed,ルイボス,try_1,Organic,32,B000FQS81M,河村 有機栽培グリーンルイボスティ 3g×30包
20210630_2127_Wed,ルイボス,try_1,Organic,33,B004KV8836,常照園 ルイボスティー 5g×30P
20210630_2127_Wed,ルイボス,try_1,Organic,34,B00ZWNZMSU,河村農園 お徳用有機栽培ルイボスティー 3g×100包入
20210630_2127_Wed,ルイボス,try_1,Organic,35,B0855MP3TB,オーガニック 有機ルイボス 有機JAS レッド ルイボスティー ティーパック80袋(160g)4個セット 発酵タイプ ノンカフェイン
20210630_2127_Wed,ルイボス,try_1,Organic,36,B00UBGBM0K,はくばく　やさしいルイボスブレンド茶8ｇ×20Ｐ
20210630_2127_Wed,ルイボス,try_1,Organic,37,B077YFFXCD,nichie ルイボスティー スーペリア 南アフリカ産 ティーバッグ 2.5g×100個
20210630_2127_Wed,ルイボス,try_1,Organic,38,B07GZMFWF1,伊藤園 KEEP IN MY BOTTLE プレミアムルイボスティー 2g×7袋×6本
20210630_2127_Wed,ルイボス,try_1,Organic,39,B06X94G7LG,ポンパドールルイボスティースウィートオレンジ1.75ｇ×10袋×6個
20210630_2127_Wed,ルイボス,try_1,Organic,40,B00MC71GQG,有機JAS オーガニック ルイボスティー250ｇ （5g×50pc） ティーバッグ
20210630_2127_Wed,ルイボス,try_1,Organic,41,B00ANFIXFQ,GASS オーガニック ルイボスティー ペットボトル 500ml×24本
20210630_2127_Wed,ルイボス,try_1,Organic,42,B075H6B35D,一風堂 ルイボス茶 30g
20210630_2127_Wed,ルイボス,try_1,Organic,43,B075ZRGPC8,ルイボスティー オーガニック プレミアムグレード 54包 有機JAS 水出し
20210630_2127_Wed,ルイボス,try_1,Organic,44,B07V47VWVT,小川生薬有機レモングラスルイボスティー 27g(18袋) ×4袋 ティーバッグ
20210630_2127_Wed,ルイボス,try_1,Organic,45,B01JPIE47W,オーガライフ 有機 ルイボスティー オーガニック 河村農園 最高級茶葉 水出し クラシック ティーバッグ 5g× 60包
20210630_2127_Wed,ルイボス,try_1,Organic,46,B00JUG757G,nichie 有機 ルイボスティー レッドマークJP20 南アフリカ産 2g×90個 ティーバッグ
20210630_2127_Wed,ルイボス,try_1,Organic,47,B07PKXF2HH,OSKルイボスとローズマリー・カモミールの水出しブレンド茶ティーパック(2g×8袋) ×4個 ティーバッグ
20210630_2127_Wed,ルイボス,try_1,Organic,48,B00EN9LJ1S,Gass ジンジャールイボスティー (2g×15P)×4個
20210630_2127_Wed,ルイボス,try_1,Organic,49,B00GOIXG2Q,有機栽培みどりのルイボス茶　175g(3.5g×50包) ×２袋セット
20210630_2127_Wed,ルイボス,try_1,Organic,50,B002DY59YI,ロイヤル T ルイボスティー　有機ルイボス茶　ティーバッグ 160個入　(ティーバッグ2.5g x ４０包入X４箱） (合計４００g、ティーバッグ１６０包)
20210630_2127_Wed,ルイボス,try_1,Organic,51,B08XLPSG5V,ドルチボーレのオーガニックルイボスティー 1.8g×100個 レッドマークJP20グレード茶葉使用 ソイロンティーバッグ
20210630_2127_Wed,ルイボス,try_1,Organic,52,B07PHQMXD6,OSKグリーンルイボスとラベンダーの水出しブレンド茶ティーパック(2.5g×8袋) ×4個 ティーバッグ
20210630_2127_Wed,ルイボス,try_1,Organic,53,B000FQS812,有機栽培ルイボスティ 3gｘ30包
20210630_2127_Wed,ルイボス,try_1,Organic,54,B07T96YXR1,オーガニックルイボスティー 100包入り ティーパックお徳用
20210630_2127_Wed,ルイボス,try_1,Organic,55,B073BBFCQ6,ルイボス・ハニーライム
20210630_2127_Wed,ルイボス,try_1,Organic,56,B01LCLM35A,伊藤園 ヘルシールイボスティー ティーバッグ 3.0g×30袋
20210630_2127_Wed,ルイボス,try_1,Organic,57,B07WNH87LF,トワイニング リッチ ルイボス 20P ×4箱 デカフェ・ノンカフェイン ティーバッグ
20210630_2127_Wed,ルイボス,try_1,Organic,58,B0090BNH64,ルイボスティー 1kg アメ横 大津屋 スパイス ハーブ rooibos ルイボス ロイボス ルイボス茶 るいぼす
20210630_2127_Wed,ルイボス,try_1,Organic,59,B013G80ZYI,オーガニック ルイボスティー 3g×50包（お得な3個セット）有機JAS お茶 ノンカフェイン 健康茶 ティーバッグ
20210630_2127_Wed,ルイボス,try_1,Organic,60,B00W528YWM,オーガランド［ogaland］ ルイボスティー ティーバッグタイプ [ 2g×100包入り ] (ノンカフェイン/水出し) お茶 美容サポート 赤外線焙煎 ミネラル ポリフェノール
20210630_2127_Wed,ルイボス,try_1,Organic,61,B00NUMELVE,【まとめ買い】ティーライフ ルイボスティー 101個×5袋セット (ノンカフェイン ルイボス茶 水出し お茶 ティーバッグ)
20210630_2127_Wed,ルイボス,try_1,Organic,62,B07QGSXKZC,有機 ルイボスティー ティーパック 最上級グレード JAS認定 大容量 Honjien tea ほんぢ園 健康茶 オーガニック 2g×100包
20210630_2127_Wed,ルイボス,try_1,Organic,63,B014UTNS8C,ポンパドール ルイボスティー スウィートオレンジ 20P入
20210630_2127_Wed,ルイボス,try_1,Organic,64,B00DY7KGC8,ユナイテッドリーフ オーガニックルイボスティー 2gx30包
20210630_2127_Wed,ルイボス,try_1,Organic,65,B010LJTLCM,● ルイボスティー ●【最高級100％】（ ティーバッグ ） オーガニック100％　有機100％（JAS認定） ノンカフェイン　妊娠中の妊婦さんや、小さい子供も飲める、ルイボス茶　最高級茶葉使用のティーパック　【ティーバッグ 2g×30包】
20210630_2127_Wed,ルイボス,try_1,Organic,66,B00UL3N666,がばい農園 オーガニック グリーンルイボスティー 3g×30包 有機JAS お茶 ノンカフェイン 健康茶 ティーバッグ
20210630_2127_Wed,ルイボス,try_1,Organic,67,B084S7SVX8,バンビウォーター ルイボスティー 15包 ティーバッグ 水だし可 無添加 ノンカフェイン アップル味
20210630_2127_Wed,ルイボス,try_1,Organic,68,B013QSYNA0,河村農園 有機栽培ルイボスティ 3gx30包
20210630_2127_Wed,ルイボス,try_1,Organic,69,B096ZC1HWC,オーガニック グリーンルイボスティー 100g 約200杯分 有機JAS認証 抹茶みたいな 微粉末 茶葉まるごとクラッシュパウダー ノンカフェイン
20210630_2127_Wed,ルイボス,try_1,Organic,70,B06X99WFSB,OSK業務用スティック アサイー&ルイボスティー70g（0.7g×100本）
20210630_2127_Wed,ルイボス,try_1,Organic,71,B08M48Q35P,Cederberg Tea Company レッドルイボスティー（有機JAS認定レッドルイボス、100袋）
20210630_2127_Wed,ルイボス,try_1,Organic,72,B017XAAW5W,日東紅茶 オーガニック ルイボスティー 20袋入り
20210630_2127_Wed,ルイボス,try_1,Organic,73,B06XWV663R,国太楼 お徳用 ルイボスティー ティーバッグ 34P
20210630_2127_Wed,ルイボス,try_1,Organic,74,B0855SRW45,ガスコ オーガニック ルイボスティー 有機JAS ティーバッグ (1.8ｇ×50TB)×3個セット ノンカフェイン
20210630_2127_Wed,ルイボス,try_1,Organic,75,B00DY8C88C,ユナイテッドリーフ マスカットルイボスティー 2gx25包
20210630_2127_Wed,ルイボス,try_1,Organic,76,B0747D4Q81,オリヒロ ブレンドルイボス茶 60包
20210630_2127_Wed,ルイボス,try_1,Organic,77,B003V0341I,がばい農園 オーガニック ルイボスティー 3g×50包 有機JAS お茶 ノンカフェイン 健康茶 ティーバッグ
20210630_2127_Wed,ルイボス,try_1,Organic,78,B07KQS5WK2,グリーン ルイボスティー ティーパック 大容量 非発酵 さっぱり風味 Honjien tea ほんぢ園 健康茶 2.5g×50包
20210630_2127_Wed,ルイボス,try_1,Organic,79,B00I39BQM6,国太楼 ルイボスティー ティーバッグ (3g×18P)×5個
20210630_2127_Wed,ルイボス,try_1,Organic,80,B08X4X6DS3,AGF マイボトルスティック ワン ルイボスティー 30本 ×2個 デカフェ・ノンカフェイン 粉末
20210630_2127_Wed,ルイボス,try_1,Organic,81,B01MTUBCD3,【12時まで当日出荷！】カフェインレス オーガニックルイボスティー 有機ルイボス ティーパック 2g×100個入り ゼロカロリー 有機JAS認定
20210630_2127_Wed,ルイボス,try_1,Organic,82,B085XQL77Z,茶つみの里 オーガニック グリーンルイボスティー お徳用 ティーバッグ 100包（大容量 2g×100個入）
20210630_2127_Wed,ルイボス,try_1,Organic,83,B07ZFWYJ2J,有機栽培ルイボスクラシック　河村農園　ルイボスクラシック100％　ノンカフェイン　5.0g＊３０包　殺菌済み　水出しOK
20210630_2127_Wed,ルイボス,try_1,Organic,84,B078X67923,ルイボスティー ティーパック 大容量 Honjien tea ほんぢ園 健康茶 2.5g×100包
20210630_2127_Wed,ルイボス,try_1,Organic,85,B08X4XM34L,AGF ブレンディ ザリットル ルイボスティー 6本 ×4個 デカフェ・ノンカフェイン 粉末
20210630_2127_Wed,ルイボス,try_1,Organic,86,B08Y9B243N,寿老園 ルイボスティー 50袋 ×3袋 ティーバッグ
20210630_2127_Wed,ルイボス,try_1,Organic,87,B073B52GM3,大井川茶園 インスタント ルイボスティー 50g×2個
20210630_2127_Wed,ルイボス,try_1,Organic,88,B00DS5HBUG,ふくちゃ がぶ飲みルイボスティー100包 (ティーバッグ2g×100包)
20210630_2127_Wed,ルイボス,try_1,Organic,89,B0957D1RXK,オーガニック ルイボスティー なごみ ティーバッグ 100包×2個セット
20210630_2127_Wed,ルイボス,try_1,Organic,90,B00TSC5SUS,ナッシュ オーガニックハーブティー　ルイボス 350ml×24本
20210630_2127_Wed,ルイボス,try_1,Organic,91,B08VW6NSD3,八重撫子 グリーンルイボスティー 150g (3g×50包) ルイボス ティー 健康 サポート
20210630_2127_Wed,ルイボス,try_1,Organic,92,B06X3ZJFMB,ポンパドール ルイボスティー キャラメル [1.75g×10袋]×6個
20210630_2127_Wed,ルイボス,try_1,Organic,93,B00IIDOVGK,有機ルイボスティ 2g24p x2袋
20210630_2127_Wed,ルイボス,try_1,Organic,94,B0855SH7VJ,ガスコ ルイボスチャイ （2g×30袋）×4個セット ノンカフェイン ティーバッグ ルイボス茶 有機ルイボス
20210630_2127_Wed,ルイボス,try_1,Organic,95,B0752KCP6P,ナチュラルショップ なごみ オーガニック・ルイボスティー なごみ×5袋
20210630_2127_Wed,ルイボス,try_1,Organic,96,B01MZFKU8Y,ガスコ Gassオーガニックルイボス・ライト 45g 1 個
20210630_2127_Wed,ルイボスティー,try_1,Organic,1,B07JGN484D,伊藤園 ヘルシールイボスティー ティーバッグ 2.0g×100袋
20210630_2127_Wed,ルイボスティー,try_1,Organic,2,B07P5XXCKP,伊藤園 ヘルシールイボスティー ティーバッグ デカフェ・ノンカフェイン 3.0g×60袋
20210630_2127_Wed,ルイボスティー,try_1,Organic,3,B01LZRRA4L,ナチュラルショップなごみ ルイボスティー オーガニック なごみ ×100個
20210630_2127_Wed,ルイボスティー,try_1,Organic,4,B086VVQQLL,【Amazon.co.jp限定】 リプトン アップルルイボス 75杯分 デカフェ・ノンカフェイン ティーバッグ
20210630_2127_Wed,ルイボスティー,try_1,Organic,5,B00E5W45AK,CARMIEN（カーミエン）オーガニック ルイボスティー ティーパック40袋入（100g）×4箱 JAN6009623190215
20210630_2127_Wed,ルイボスティー,try_1,Organic,6,B01N4DUIMX,オーガニック ルイボスティー 特級エクストラファイン 有機JAS ティーバッグ 3g×50包
20210630_2127_Wed,ルイボスティー,try_1,Organic,7,B086VT9YBL,【Amazon.co.jp限定】 リプトン バニラルイボス 75杯分 デカフェ・ノンカフェイン ティーバッグ
20210630_2127_Wed,ルイボスティー,try_1,Organic,8,B07Q8G2DSZ,オーガニック 有機ルイボス【有機JAS グリーン ルイボスティー】ティーパック80袋(160g)４パック / 総ポリフェノールが発酵ルイボスの４倍 SOD酵素入り 非発酵 ノンカフェイン
20210630_2127_Wed,ルイボスティー,try_1,Organic,9,B010LJTLE0,● ルイボスティー ●【最高級100％茶葉の味の秘訣！】 オーガニック100％　有機100％（JAS認定） ノンカフェイン　妊娠中の妊婦さんや、小さい子供も飲める、ルイボス茶　最高級茶葉のマイルドな味わい【茶葉タイプ 100ｇ入】
20210630_2127_Wed,ルイボスティー,try_1,Organic,10,B07G2G24K8,水出し ルイボスティー 有機栽培 無農薬 ルイボスティオーガニック ティーバッグ アイスも ホットも 60包（30包×2袋）
20210630_2127_Wed,ルイボスティー,try_1,Organic,11,B017JSHXHS,みんなの有機ルイボスティーティーバッグ 2gx43p×2袋
20210630_2127_Wed,ルイボスティー,try_1,Organic,12,B08G4T1QXQ,リプトン ストロベリールイボス ティーバッグ 15袋入 ×6袋 デカフェ・ノンカフェイン
20210630_2127_Wed,ルイボスティー,try_1,Organic,13,B091THYMSB,OSKピュアライフルイボスティー2g×100袋 デカフェ・ノンカフェイン ティーバッグ
20210630_2127_Wed,ルイボスティー,try_1,Organic,14,B00DMTC4O6,有機栽培ルイボス茶　175g（3.5g×50包） ×２袋セット
20210630_2127_Wed,ルイボスティー,try_1,Organic,15,B00ODR7JGO,ガスコ Gassオーガニックルイボスティー 90g
20210630_2127_Wed,ルイボスティー,try_1,Organic,16,B00TSC862U,ガスコ ミントルイボスティー30袋 54g 1 個
20210630_2127_Wed,ルイボスティー,try_1,Organic,17,B000V2EWI8,OSK 有機 ルイボスティー 200g
20210630_2127_Wed,ルイボスティー,try_1,Organic,18,B005OUQXW0,ティーライフ ルイボスティー 2.0g×101個 (ノンカフェイン ルイボス茶 水出し お茶 ティーバッグ)
20210630_2127_Wed,ルイボスティー,try_1,Organic,19,B08VTB8SX9,AGF プロフェッショナル ルイボスティー1杯用 50本 粉末
20210630_2127_Wed,ルイボスティー,try_1,Organic,20,B002P7MR34,オリヒロ ブレンドルイボス茶 180g(3g×20包×3袋)
20210630_2127_Wed,ルイボスティー,try_1,Organic,21,B00YDW17IU,ガスコ Gassルイボスチャイ 60g
20210630_2127_Wed,ルイボスティー,try_1,Organic,22,B00JUFPW54,nichie 有機 ルイボスティー レッドマーク JP16 南アフリカ産 ティーバッグ 3g×80個
20210630_2127_Wed,ルイボスティー,try_1,Organic,23,B01LCDO8YM,日東紅茶 オーガニック ルイボスティー 20袋入り×3個
20210630_2127_Wed,ルイボスティー,try_1,Organic,24,B07XLQCCWJ,H&F BELX　プレミアム ピュアルイボスティー　ノンカフェイン (2.5g×20包)
20210630_2127_Wed,ルイボスティー,try_1,Organic,25,B0855MP3TB,オーガニック 有機ルイボス 有機JAS レッド ルイボスティー ティーパック80袋(160g)4個セット 発酵タイプ ノンカフェイン
20210630_2127_Wed,ルイボスティー,try_1,Organic,26,B004KV8836,常照園 ルイボスティー 5g×30P
20210630_2127_Wed,ルイボスティー,try_1,Organic,27,B01LXSW7AY,ルイボスティー 粉末 スティック さらさらパウダー 50包
20210630_2127_Wed,ルイボスティー,try_1,Organic,28,B077S1ZCJW,国太楼 プレミアムルイボスティティーバッグ 100P
20210630_2127_Wed,ルイボスティー,try_1,Organic,29,B075KBHV56,OSK(オーエスケー) OSKノンカフェインやさしい玄米&グリーンルイボス28g(3.5g×8袋)×3個
20210630_2127_Wed,ルイボスティー,try_1,Organic,30,B00UBGBM0K,はくばく　やさしいルイボスブレンド茶8ｇ×20Ｐ
20210630_2127_Wed,ルイボスティー,try_1,Organic,31,B000FQS81M,河村 有機栽培グリーンルイボスティ 3g×30包
20210630_2127_Wed,ルイボスティー,try_1,Organic,32,B0084Z0D4Q,有機栽培ルイボス茶 175g（3.5g×50包）
20210630_2127_Wed,ルイボスティー,try_1,Organic,33,B01JPIE47W,オーガライフ 有機 ルイボスティー オーガニック 河村農園 最高級茶葉 水出し クラシック ティーバッグ 5g× 60包
20210630_2127_Wed,ルイボスティー,try_1,Organic,34,B00ZWNZMSU,河村農園 お徳用有機栽培ルイボスティー 3g×100包入
20210630_2127_Wed,ルイボスティー,try_1,Organic,35,B000FQMIC2,OSK 有機ルイボスティー 32P
20210630_2127_Wed,ルイボスティー,try_1,Organic,36,B000FQTEB0,山本漢方製薬 ルイボス茶100% 3gX20H
20210630_2127_Wed,ルイボスティー,try_1,Organic,37,B07T96YXR1,オーガニックルイボスティー 100包入り ティーパックお徳用
20210630_2127_Wed,ルイボスティー,try_1,Organic,38,B07GZMFWF1,伊藤園 KEEP IN MY BOTTLE プレミアムルイボスティー 2g×7袋×6本
20210630_2127_Wed,ルイボスティー,try_1,Organic,39,B01M2VGMLR,ルイボスティー 有機栽培 お徳用110包（ 3g×55包入　2袋）
20210630_2127_Wed,ルイボスティー,try_1,Organic,40,B00NUMELVE,【まとめ買い】ティーライフ ルイボスティー 101個×5袋セット (ノンカフェイン ルイボス茶 水出し お茶 ティーバッグ)
20210630_2127_Wed,ルイボスティー,try_1,Organic,41,B00EN9LJ1S,Gass ジンジャールイボスティー (2g×15P)×4個
20210630_2127_Wed,ルイボスティー,try_1,Organic,42,B06X94G7LG,ポンパドールルイボスティースウィートオレンジ1.75ｇ×10袋×6個
20210630_2127_Wed,ルイボスティー,try_1,Organic,43,B07V47VWVT,小川生薬有機レモングラスルイボスティー 27g(18袋) ×4袋 ティーバッグ
20210630_2127_Wed,ルイボスティー,try_1,Organic,44,B00ANFIXFQ,GASS オーガニック ルイボスティー ペットボトル 500ml×24本
20210630_2127_Wed,ルイボスティー,try_1,Organic,45,B003V0341I,がばい農園 オーガニック ルイボスティー 3g×50包 有機JAS お茶 ノンカフェイン 健康茶 ティーバッグ
20210630_2127_Wed,ルイボスティー,try_1,Organic,46,B075ZRGPC8,ルイボスティー オーガニック プレミアムグレード 54包 有機JAS 水出し
20210630_2127_Wed,ルイボスティー,try_1,Organic,47,B00MC71GQG,有機JAS オーガニック ルイボスティー250ｇ （5g×50pc） ティーバッグ
20210630_2127_Wed,ルイボスティー,try_1,Organic,48,B077YFFXCD,nichie ルイボスティー スーペリア 南アフリカ産 ティーバッグ 2.5g×100個
20210630_2127_Wed,ルイボスティー,try_1,Organic,49,B07PKXF2HH,OSKルイボスとローズマリー・カモミールの水出しブレンド茶ティーパック(2g×8袋) ×4個 ティーバッグ
20210630_2127_Wed,ルイボスティー,try_1,Organic,50,B00JUG757G,nichie 有機 ルイボスティー レッドマークJP20 南アフリカ産 2g×90個 ティーバッグ
20210630_2127_Wed,ルイボスティー,try_1,Organic,51,B075H6B35D,一風堂 ルイボス茶 30g
20210630_2127_Wed,ルイボスティー,try_1,Organic,52,B00GOIXG2Q,有機栽培みどりのルイボス茶　175g(3.5g×50包) ×２袋セット
20210630_2127_Wed,ルイボスティー,try_1,Organic,53,B07PHQMXD6,OSKグリーンルイボスとラベンダーの水出しブレンド茶ティーパック(2.5g×8袋) ×4個 ティーバッグ
20210630_2127_Wed,ルイボスティー,try_1,Organic,54,B08XLPSG5V,ドルチボーレのオーガニックルイボスティー 1.8g×100個 レッドマークJP20グレード茶葉使用 ソイロンティーバッグ
20210630_2127_Wed,ルイボスティー,try_1,Organic,55,B000FQS812,有機栽培ルイボスティ 3gｘ30包
20210630_2127_Wed,ルイボスティー,try_1,Organic,56,B002DY59YI,ロイヤル T ルイボスティー　有機ルイボス茶　ティーバッグ 160個入　(ティーバッグ2.5g x ４０包入X４箱） (合計４００g、ティーバッグ１６０包)
20210630_2127_Wed,ルイボスティー,try_1,Organic,57,B096ZC1HWC,オーガニック グリーンルイボスティー 100g 約200杯分 有機JAS認証 抹茶みたいな 微粉末 茶葉まるごとクラッシュパウダー ノンカフェイン
20210630_2127_Wed,ルイボスティー,try_1,Organic,58,B078X67923,ルイボスティー ティーパック 大容量 Honjien tea ほんぢ園 健康茶 2.5g×100包
20210630_2127_Wed,ルイボスティー,try_1,Organic,59,B00IIDOVGK,有機ルイボスティ 2g24p x2袋
20210630_2127_Wed,ルイボスティー,try_1,Organic,60,B014UTNS8C,ポンパドール ルイボスティー スウィートオレンジ 20P入
20210630_2127_Wed,ルイボスティー,try_1,Organic,61,B0855SRW45,ガスコ オーガニック ルイボスティー 有機JAS ティーバッグ (1.8ｇ×50TB)×3個セット ノンカフェイン
20210630_2127_Wed,ルイボスティー,try_1,Organic,62,B08Y9B243N,寿老園 ルイボスティー 50袋 ×3袋 ティーバッグ
20210630_2127_Wed,ルイボスティー,try_1,Organic,63,B06X99WFSB,OSK業務用スティック アサイー&ルイボスティー70g（0.7g×100本）
20210630_2127_Wed,ルイボスティー,try_1,Organic,64,B08M48Q35P,Cederberg Tea Company レッドルイボスティー（有機JAS認定レッドルイボス、100袋）
20210630_2127_Wed,ルイボスティー,try_1,Organic,65,B010LJTLCM,● ルイボスティー ●【最高級100％】（ ティーバッグ ） オーガニック100％　有機100％（JAS認定） ノンカフェイン　妊娠中の妊婦さんや、小さい子供も飲める、ルイボス茶　最高級茶葉使用のティーパック　【ティーバッグ 2g×30包】
20210630_2127_Wed,ルイボスティー,try_1,Organic,66,B06X3ZJFMB,ポンパドール ルイボスティー キャラメル [1.75g×10袋]×6個
20210630_2127_Wed,ルイボスティー,try_1,Organic,67,B07ZFWYJ2J,有機栽培ルイボスクラシック　河村農園　ルイボスクラシック100％　ノンカフェイン　5.0g＊３０包　殺菌済み　水出しOK
20210630_2127_Wed,ルイボスティー,try_1,Organic,68,B074DWWWT1,ルイボスティー250ｇ（5g×50pc） ティーバッグ ティーパック
20210630_2127_Wed,ルイボスティー,try_1,Organic,69,B01LCLM35A,伊藤園 ヘルシールイボスティー ティーバッグ 3.0g×30袋
20210630_2127_Wed,ルイボスティー,try_1,Organic,70,B073BBFCQ6,ルイボス・ハニーライム
20210630_2127_Wed,ルイボスティー,try_1,Organic,71,B00W528YWM,オーガランド［ogaland］ ルイボスティー ティーバッグタイプ [ 2g×100包入り ] (ノンカフェイン/水出し) お茶 美容サポート 赤外線焙煎 ミネラル ポリフェノール
20210630_2127_Wed,ルイボスティー,try_1,Organic,72,B07WNH87LF,トワイニング リッチ ルイボス 20P ×4箱 デカフェ・ノンカフェイン ティーバッグ
20210630_2127_Wed,ルイボスティー,try_1,Organic,73,B08F2F83L4,菱和園 ひしわ 農薬を使わずに育てた宇治緑茶 ティーバッグ 20袋 ×5個
20210630_2127_Wed,ルイボスティー,try_1,Organic,74,B00UL3N666,がばい農園 オーガニック グリーンルイボスティー 3g×30包 有機JAS お茶 ノンカフェイン 健康茶 ティーバッグ
20210630_2127_Wed,ルイボスティー,try_1,Organic,75,B08X4X6DS3,AGF マイボトルスティック ワン ルイボスティー 30本 ×2個 デカフェ・ノンカフェイン 粉末
20210630_2127_Wed,ルイボスティー,try_1,Organic,76,B06XWV663R,国太楼 お徳用 ルイボスティー ティーバッグ 34P
20210630_2127_Wed,ルイボスティー,try_1,Organic,77,B0092KAG9E,有機栽培みどりのルイボス茶（ティーバッグ）<175ｇ（3.5ｇ×50包）> 【 有機JAS 認定 】 [その他]
20210630_2127_Wed,ルイボスティー,try_1,Organic,78,B01MTUBCD3,【12時まで当日出荷！】カフェインレス オーガニックルイボスティー 有機ルイボス ティーパック 2g×100個入り ゼロカロリー 有機JAS認定
20210630_2127_Wed,ルイボスティー,try_1,Organic,79,B07BK1HLYV,オーガニック ルイボスティー (5g×35袋)×6個セット【有機JAS認定品】
20210630_2127_Wed,ルイボスティー,try_1,Organic,80,B017XAAW5W,日東紅茶 オーガニック ルイボスティー 20袋入り
20210630_2127_Wed,ルイボスティー,try_1,Organic,81,B013G80ZYI,オーガニック ルイボスティー 3g×50包（お得な3個セット）有機JAS お茶 ノンカフェイン 健康茶 ティーバッグ
20210630_2127_Wed,ルイボスティー,try_1,Organic,82,B00DY8BFWW,ユナイテッドリーフ あんずルイボスティー 2gx25包
20210630_2127_Wed,ルイボスティー,try_1,Organic,83,B00DY7ZXDA,ユナイテッドリーフ オーガニックグリーンルイボスティー 2gx25包
20210630_2127_Wed,ルイボスティー,try_1,Organic,84,B01HR9WMXE,有機ルイボスティー 44g(2gx22袋)×4袋
20210630_2127_Wed,ルイボスティー,try_1,Organic,85,B07KQS5WK2,グリーン ルイボスティー ティーパック 大容量 非発酵 さっぱり風味 Honjien tea ほんぢ園 健康茶 2.5g×50包
20210630_2127_Wed,ルイボスティー,try_1,Organic,86,B085XQL77Z,茶つみの里 オーガニック グリーンルイボスティー お徳用 ティーバッグ 100包（大容量 2g×100個入）
20210630_2127_Wed,ルイボスティー,try_1,Organic,87,B07QGSXKZC,有機 ルイボスティー ティーパック 最上級グレード JAS認定 大容量 Honjien tea ほんぢ園 健康茶 オーガニック 2g×100包
20210630_2127_Wed,ルイボスティー,try_1,Organic,88,B01MZFKU8Y,ガスコ Gassオーガニックルイボス・ライト 45g 1 個
20210630_2127_Wed,ルイボスティー,try_1,Organic,89,B08X4XM34L,AGF ブレンディ ザリットル ルイボスティー 6本 ×4個 デカフェ・ノンカフェイン 粉末
20210630_2127_Wed,ルイボスティー,try_1,Organic,90,B0957D1RXK,オーガニック ルイボスティー なごみ ティーバッグ 100包×2個セット
20210630_2127_Wed,ルイボスティー,try_1,Organic,91,B073B52GM3,大井川茶園 インスタント ルイボスティー 50g×2個
20210630_2127_Wed,ルイボスティー,try_1,Organic,92,B013QSYNA0,河村農園 有機栽培ルイボスティ 3gx30包
20210630_2127_Wed,ルイボスティー,try_1,Organic,93,B08VW6NSD3,八重撫子 グリーンルイボスティー 150g (3g×50包) ルイボス ティー 健康 サポート
20210630_2127_Wed,ルイボスティー,try_1,Organic,94,B00DS5HBUG,ふくちゃ がぶ飲みルイボスティー100包 (ティーバッグ2g×100包)
20210630_2127_Wed,ルイボスティー,try_1,Organic,95,B00DY8JG4Q,ユナイテッドリーフ ローズヒップルイボスティー 3gx20包
20210630_2127_Wed,ルイボスティー,try_1,Organic,96,B084S7SVX8,バンビウォーター ルイボスティー 15包 ティーバッグ 水だし可 無添加 ノンカフェイン アップル味
20210630_2127_Wed,ティーバッグ,try_1,Organic,1,B004M89V6K,伊藤園 おーいお茶 プレミアムティーバッグ 宇治抹茶入り緑茶 1.8g ×50袋
20210630_2127_Wed,ティーバッグ,try_1,Organic,2,B07JGN4F4C,伊藤園 Relax ジャスミン茶 ティーバッグ 3.0g×100袋
20210630_2127_Wed,ティーバッグ,try_1,Organic,3,B07JGN484D,伊藤園 ヘルシールイボスティー ティーバッグ 2.0g×100袋
20210630_2127_Wed,ティーバッグ,try_1,Organic,4,B08L3VCTM1,伊藤園 エコティーバッグ おーいお茶 緑茶 (抹茶入り) 1.8g×120袋
20210630_2127_Wed,ティーバッグ,try_1,Organic,5,B085DJCCRB,LUCKYBEE お茶バッグ 200枚 使い捨て空の袋 フィルター濾紙 ティーバッグ 巾着付き 強力な浸透 天然 ルースリーフティー＆コーヒー用
20210630_2127_Wed,ティーバッグ,try_1,Organic,6,B00E194GA6,伊藤園 おーいお茶 プレミアムティーバッグ アソート 60袋
20210630_2127_Wed,ティーバッグ,try_1,Organic,7,B075L72LV4,リプトン ピュア&シンプルティーバッグ 100袋×3個
20210630_2127_Wed,ティーバッグ,try_1,Organic,8,B00OTKU4BC,AHMAD TEA ( アーマッドティー ) アールグレイ ティーバッグ 100袋入り [ 英国ブランド 個包装 ]
20210630_2127_Wed,ティーバッグ,try_1,Organic,9,B08L3WSXZ9,伊藤園 お得用 ワンポット 抹茶入り緑茶 ティーバッグ 2.5g×120袋
20210630_2127_Wed,ティーバッグ,try_1,Organic,10,B07N92TDFX,トワイニング アールグレイ セレクションファイブ 50P ティーバッグ
20210630_2127_Wed,ティーバッグ,try_1,Organic,11,B07VSZT5C9,[Amazonブランド]Happy Belly 伊藤園 国産 宇治抹茶入り緑茶 ティーバッグ 96袋(48袋 × 2箱)
20210630_2127_Wed,ティーバッグ,try_1,Organic,12,B07P5XXCKP,伊藤園 ヘルシールイボスティー ティーバッグ デカフェ・ノンカフェイン 3.0g×60袋
20210630_2127_Wed,ティーバッグ,try_1,Organic,13,B00DE5Z940,伊藤園 香りひろがるお茶 緑茶 ティーバッグ 40袋
20210630_2127_Wed,ティーバッグ,try_1,Organic,14,B003CJE57A,AHMAD TEA ( アーマッドティー ) クラシックセレクション ティーバッグ 20袋 [ アソート : ダージリン アールグレイ イングリッシュブレックファースト イングリッシュティーNo.1 ]
20210630_2127_Wed,ティーバッグ,try_1,Organic,15,B08L3W7L2M,伊藤園 お得用 濃いウーロン茶 ティーバッグ 4.0g×120袋
20210630_2127_Wed,ティーバッグ,try_1,Organic,16,B00LFJ5HU8,AHMAD TEA ( アーマッドティー ) イングリッシュティーNo.1 ティーバッグ 100袋入り [ 英国ブランド 個包装 ]
20210630_2127_Wed,ティーバッグ,try_1,Organic,17,B08NTL7YF5,【Amazon.co.jp限定】 リプトン ロイヤルミルクティー用 アッサムブレンド ティーバッグ 100杯分
20210630_2127_Wed,ティーバッグ,try_1,Organic,18,B08WYKSHZG,【Amazon.co.jp限定】 AHMAD TEA （ アーマッドティー ） ザ・ベスト・セレクション ティーバッグ 60袋 [ アールグレイ  デカフェアールグレイ  イングリッシュティーNo.1  イングリッシュブレックファースト  セイロン  ダージリン 各10袋]
20210630_2127_Wed,ティーバッグ,try_1,Organic,19,B07PGTLGLW,リプトン ハーブティー 5種アソート アルミティーバッグ [紅茶 ノンカフェイン] ×60袋
20210630_2127_Wed,ティーバッグ,try_1,Organic,20,B07PL5Z25R,サー・トーマス・リプトン 6種アソート アルミティーバッグ ×60袋
20210630_2127_Wed,ティーバッグ,try_1,Organic,21,B0151BXGDK,リプトン フレーバーティーアソート 3種(アップル・ピーチ&マンゴー・ミックスベリー) アルミティーバッグ×60袋
20210630_2127_Wed,ティーバッグ,try_1,Organic,22,B086VVQQLL,【Amazon.co.jp限定】 リプトン アップルルイボス 75杯分 デカフェ・ノンカフェイン ティーバッグ
20210630_2127_Wed,ティーバッグ,try_1,Organic,23,B00UTD2B28,辻利 煎茶 三角ティーバッグ 50P
20210630_2127_Wed,ティーバッグ,try_1,Organic,24,B08K9KC5LC,【Amazon.co.jp限定】 リプトン カフェインレスティー 60袋入 デカフェ・ノンカフェイン ティーバッグ
20210630_2127_Wed,ティーバッグ,try_1,Organic,25,B00BD40SYU,Janat プロヴァンスシリーズ フルーツティーアソート 40P
20210630_2127_Wed,ティーバッグ,try_1,Organic,26,B08S3MFPTB,紅茶 ティーバッグ アールグレイ 【 ギフト で喜ばれる100袋入り】 AKBAR アクバー 紅茶 ティーバッグ 「 アイスティー や ミルクティー として飲んでも美味しい 人気 の アールグレイ ティー 」「 高級 感漂う香り」
20210630_2127_Wed,ティーバッグ,try_1,Organic,27,B005QK37V8,伊藤園 おーいお茶 プレミアムティーバッグ 宇治抹茶入り玄米茶 2.3g×20袋
20210630_2127_Wed,ティーバッグ,try_1,Organic,28,B00OTABK2O,宇治の露 伊右衛門 抹茶入り煎茶 ティーバッグ 2g×120P
20210630_2127_Wed,ティーバッグ,try_1,Organic,29,B08GCXY7W5,【セット商品】アーマッドティー フルーツティー ティーバッグ 6種 アソート(アップル レモン＆ライム ストロベリー ピーチ＆パッションフルーツ マンゴー バニラ 各1個)
20210630_2127_Wed,ティーバッグ,try_1,Organic,30,B086VT9YBL,【Amazon.co.jp限定】 リプトン バニラルイボス 75杯分 デカフェ・ノンカフェイン ティーバッグ
20210630_2127_Wed,ティーバッグ,try_1,Organic,31,B07VMSHP45,【Amazon.co.jp限定】 リプトン イエローラベル 120袋 ティーバッグ
20210630_2127_Wed,ティーバッグ,try_1,Organic,32,B08M75X4GY,【Amazon.co.jp限定】 リプトン ボタニックティー ベッドタイムブリスティーバッグ 30袋
20210630_2127_Wed,ティーバッグ,try_1,Organic,33,B06VXPKWW2,AHMAD TEA ( アーマッドティー ) フルーツセレクション ティーバッグ 20袋 ×3個 [ アソート : アップル レモン&ライム ピーチ&パッションフルーツ ストロベリー ]
20210630_2127_Wed,ティーバッグ,try_1,Organic,34,B013OSZVC6,Lakshimi(ラクシュミー) 極上はちみつ紅茶 ティーバッグ25袋入り
20210630_2127_Wed,ティーバッグ,try_1,Organic,35,B001GS8OV2,ロンドンフルーツ&ハーブ ティーバッグ スペシャルパック 20袋
20210630_2127_Wed,ティーバッグ,try_1,Organic,36,B003KYSOEC,一保堂茶舗 ほうじ茶 ティーバッグ25袋入
20210630_2127_Wed,ティーバッグ,try_1,Organic,37,B077S1ZCJW,国太楼 プレミアムルイボスティティーバッグ 100P
20210630_2127_Wed,ティーバッグ,try_1,Organic,38,B00N9RRVYE,伊藤園 伝承の健康茶 国産はと麦茶 ティーバッグ 30袋
20210630_2127_Wed,ティーバッグ,try_1,Organic,39,B08G4TZZM3,リプトン キープ&チャージ リフレッシュ アールグレイ ティーバッグ 10袋入 ×6袋
20210630_2127_Wed,ティーバッグ,try_1,Organic,40,B07B9YCC4K,日東紅茶 水出しアイスティー アールグレイ TB 12袋入×6袋
20210630_2127_Wed,ティーバッグ,try_1,Organic,41,B01568IJKI,日東紅茶 デイリークラブ 6バラエティーパック 10袋入り×6個
20210630_2127_Wed,ティーバッグ,try_1,Organic,42,B06XGCCM1V,リプトン イエローラベル ティーバッグ 50袋×6箱
20210630_2127_Wed,ティーバッグ,try_1,Organic,43,B08J63MQRD,OSK福建省・強・深発酵 黒烏龍茶 5g×104袋 ティーバッグ
20210630_2127_Wed,ティーバッグ,try_1,Organic,44,B081Z261VB,菱和園 農薬を使わず育てた紅茶ティーバッグ 50袋 ×2個
20210630_2127_Wed,ティーバッグ,try_1,Organic,45,B01LWMYLMQ,トワイニング アールグレイ 50P
20210630_2127_Wed,ティーバッグ,try_1,Organic,46,B01N4DUIMX,オーガニック ルイボスティー 特級エクストラファイン 有機JAS ティーバッグ 3g×50包
20210630_2127_Wed,ティーバッグ,try_1,Organic,47,B07BDRTW83,伊藤園 三角茶寮 抹茶入り緑茶 ティーバッグ 50袋
20210630_2127_Wed,ティーバッグ,try_1,Organic,48,B07T9C93FJ,AHMAD TEA ( アーマッドティー ) コールドブリュー レモン&ライム ティーバッグ 20袋 ×2個 [ 英国ブランド 水出し紅茶 個包装 ]
20210630_2127_Wed,ティーバッグ,try_1,Organic,49,B01E4VWE2M,● カモミール ● ハーブティー ● ティーバッグ ● 夜の寝る前に、リラックスできる香り ● ノンカフェイン・無香料・無着色 ● 原料＝ カモミールティー 100％ ● ティーパック 20包入（紅茶専門店　京都セレクトショップ）
20210630_2127_Wed,ティーバッグ,try_1,Organic,50,B01C28Z16U,トワイニング カフェインレス アールグレイ 20P ティーバッグ
20210630_2127_Wed,ティーバッグ,try_1,Organic,51,B08L3RX984,AHMAD TEA ( アーマッドティー ) レモン&ライム ティーバッグ 20袋 ×3個 [ 英国ブランド 個包装 ]
20210630_2127_Wed,ティーバッグ,try_1,Organic,52,B01LZRRA4L,ナチュラルショップなごみ ルイボスティー オーガニック なごみ ×100個
20210630_2127_Wed,ティーバッグ,try_1,Organic,53,B00QWDDRKE,オリンダ 100Pアールグレイ
20210630_2127_Wed,ティーバッグ,try_1,Organic,54,B0047RUMJQ,AGF 新茶人こうばしほうじ茶スティック 100本 【 お茶 スティック 】【 ほうじ茶 粉末 】【 ティーバッグ不要 】
20210630_2127_Wed,ティーバッグ,try_1,Organic,55,B0142F7N7G,名糖 オレンジティー 500g
20210630_2127_Wed,ティーバッグ,try_1,Organic,56,B0736QXD6Z,LUCKYBEE 使い捨て空の袋 5*7cm ラインティーバッグ不織布圧送 抽出空の ティーバッグ袋 200個 (5*7 200個)
20210630_2127_Wed,ティーバッグ,try_1,Organic,57,B08LL7R359,リプトン 和風フレーバーティー 3種アソートセット (さくら・いちご・うめ) 36袋 ×72袋 ティーバッグ
20210630_2127_Wed,ティーバッグ,try_1,Organic,58,B003Q46XYE,さんぴん茶ティーバッグ 200g
20210630_2127_Wed,ティーバッグ,try_1,Organic,59,B01NCHEDWQ,富永貿易 BPL セイロンティーガーデンズ フルーツセレクション ティーバック 100袋 [ 自社農園 ディンブラ茶葉 100% レインフォレスト･アライアンス認証 ] 200g ×2個 ティーバッグ
20210630_2127_Wed,ティーバッグ,try_1,Organic,60,B08T72SKSP,Hiitom 100枚 お茶バッグ 使い捨て空の袋フィルター濾紙 ティーバッグ 巾着付き 強力な浸透 天然 ルースリーフティー＆コーヒー用 (6*8cm)
20210630_2127_Wed,ティーバッグ,try_1,Organic,61,B07NFHLKTD,AGF ブレンディ スティック 紅茶オレ 100本 【 ミルクティー 】
20210630_2127_Wed,ティーバッグ,try_1,Organic,62,B06XQ5Z5L7,TWG Tea ｜Royal Darjeeling FTGFOP1（コットンティーバッグ 2.5g×15個入り)
20210630_2127_Wed,ティーバッグ,try_1,Organic,63,B018XATRMA,AHMAD TEA ( アーマッドティー ) デカフェ アールグレイ ティーバッグ 100袋入り [ カフェインレス タイプ 個包装 ]
20210630_2127_Wed,ティーバッグ,try_1,Organic,64,B00IGBFON8,ハムステッドティー オーガニック アッサム ティーバッグ 20袋 [ 有機JAS 認証 個包装 ]
20210630_2127_Wed,ティーバッグ,try_1,Organic,65,B01LWW7P3B,リプトン ミックスベリーティー ティーバッグ 12袋×6箱
20210630_2127_Wed,ティーバッグ,try_1,Organic,66,B00BN5R1LM,日東紅茶 アロマハウス リラックス カモミール 10袋入り × 6個
20210630_2127_Wed,ティーバッグ,try_1,Organic,67,B07G4R9YHK,薗田製茶 静岡名産 ほうじ茶ティーバッグ 4g×50個 お湯・冷水どちらもOK
20210630_2127_Wed,ティーバッグ,try_1,Organic,68,B08GSK93LF,【セット商品】アーマッドティー デカフェ ティーバッグ アソート 2種 (アールグレイ フルーツセレクション 各2個) 160g デカフェ・ノンカフェイン
20210630_2127_Wed,ティーバッグ,try_1,Organic,69,B07QTJP85H,ハラダ製茶販売 有機緑茶ティーバッグ 20袋 ×5袋
20210630_2127_Wed,ティーバッグ,try_1,Organic,70,B00E5W45AK,CARMIEN（カーミエン）オーガニック ルイボスティー ティーパック40袋入（100g）×4箱 JAN6009623190215
20210630_2127_Wed,ティーバッグ,try_1,Organic,71,B01LXAJMV5,トワイニング ダージリン 50P
20210630_2127_Wed,ティーバッグ,try_1,Organic,72,B097NYGHQ6,【2021年9月30日賞味期限】伊藤園 エコティーバッグ おーいお茶 緑茶 (抹茶入り) 1.8g×120袋
20210630_2127_Wed,ティーバッグ,try_1,Organic,73,B08G4YF4M4,三井農林 日東紅茶 水出しアイスティーアールグレイ TB 100袋入り ティーバッグ
20210630_2127_Wed,ティーバッグ,try_1,Organic,74,B075L68VPP,サー・トーマス・リプトン アールグレイ ティーバッグ 12袋×6個
20210630_2127_Wed,ティーバッグ,try_1,Organic,75,B08MWCCDDY,原田園 プチギフト 緑茶 ティーバッグ 2ｇ×5個入り 和風柄 日本 3箱セット (緑茶、玄米茶、焙じ茶)
20210630_2127_Wed,ティーバッグ,try_1,Organic,76,B002R0FQSM,ロイヤルウォルトン 三角ティーバッグ アッサム 30袋(105g)
20210630_2127_Wed,ティーバッグ,try_1,Organic,77,B0038JM738,pukka (パッカ) スリーミント 有機 ハーブティー 20TB (オーガニック)
20210630_2127_Wed,ティーバッグ,try_1,Organic,78,B07FJNV1SY,薗田製茶 自家焙煎茶 香ばしい緑茶ティーバッグ 抹茶入り 5g×60個入 やすらぎ緑茶
20210630_2127_Wed,ティーバッグ,try_1,Organic,79,B00IVGM4OA,バシラーティーミニチュアラブストーリー Vol1(10g)
20210630_2127_Wed,ティーバッグ,try_1,Organic,80,B08V51FZCZ,天然生活 カモミールハーバルブレンドティー (100包) カモミールティー ティーパック オレンジピール ローズヒップ レモングラス
20210630_2127_Wed,ティーバッグ,try_1,Organic,81,B08GSJQD7H,【セット商品】アーマッドティー フレーバーティー ティーバッグ アソート 2種 (チャイ スパイス バニラ 各2個) 160g
20210630_2127_Wed,ティーバッグ,try_1,Organic,82,B07PMG8HGN,【Amazon.co.jp限定】 トワイニング ザ・ベストファイブ 50P ティーバッグ
20210630_2127_Wed,ティーバッグ,try_1,Organic,83,B07CCRMHT2,(KUSMI TEA) クスミティー アールグレイ ブレンド ティーバッグ 2.2g×24袋入り(6種類、各4袋入り) [正規輸入品]
20210630_2127_Wed,ティーバッグ,try_1,Organic,84,B084YRJK3V,● カモミールティー ＋ リンデンフラワー ● 夜寝る前専用 ハーブティー ● カモミール 夜に飲んでリラックス ● ノンカフェインで安心 ● 定価1480円 → 新発売キャンペーン特価【999円】33%OFF ● ティーバッグ 20包入（紅茶専門店　京都セレクトショップ）
20210630_2127_Wed,ティーバッグ,try_1,Organic,85,B010UXMD8I,はくばく 香ばし麦茶 8ｇ（52袋）×5個
20210630_2127_Wed,ティーバッグ,try_1,Organic,86,B071GQL6BH,はくばく 水出しでおいしい麦茶 360g×4袋
20210630_2127_Wed,ティーバッグ,try_1,Organic,87,B0784MZCXJ,国太楼 プレミアムマテ茶 ティーバッグ 100P
20210630_2127_Wed,ティーバッグ,try_1,Organic,88,B08WXX2NY4,はくばく 水出しでおいしい麦茶マイボトル用 300g ×6袋 ティーバッグ
20210630_2127_Wed,ティーバッグ,try_1,Organic,89,B005PTSLL6,茶三代一 出雲産 麦茶ティーバッグ 10g×30包
20210630_2127_Wed,ティーバッグ,try_1,Organic,90,B07P8SRBDY,リプトン コールドブリュー アールグレイ ティーバッグ 1袋(12パック入) ×3袋
20210630_2127_Wed,ティーバッグ,try_1,Organic,91,B079FNZN59,Lakshimi(ラクシュミー) 極上はちみつ紅茶 ティーバッグ25袋入り×3箱セット
20210630_2127_Wed,ティーバッグ,try_1,Organic,92,B085Y8BVS7,リプトン イエローラベル 2.0g×180ティーバッグ
20210630_2127_Wed,ティーバッグ,try_1,Organic,93,B07GVNCC49,リプトン カフェインレスティー 20杯分 ×6袋 デカフェ・ノンカフェイン ティーバッグ
20210630_2127_Wed,ティーバッグ,try_1,Organic,94,B075K318Y3,リプトン ヘルシースタイル ローズヒップ・オレンジティー ティーバッグ 10袋×6個
20210630_2127_Wed,ティーバッグ,try_1,Organic,95,B0037NQI58,カリタ Kalita コーヒー ティーバッグサーバー 電子レンジ対応 1~2人用 ホワイト 300ml #31175
20210630_2127_Wed,ティーバッグ,try_1,Organic,96,B00KXU3FI6,【Amazon.co.jp限定】UCC 職人の珈琲 ドリップコーヒー 深いコクのスペシャルブレンド 120杯
20210630_2127_Wed,紅茶,try_1,Organic,1,B07VMSHP45,【Amazon.co.jp限定】 リプトン イエローラベル 120袋 ティーバッグ
20210630_2127_Wed,紅茶,try_1,Organic,2,B07B9YCC4K,日東紅茶 水出しアイスティー アールグレイ TB 12袋入×6袋
20210630_2127_Wed,紅茶,try_1,Organic,3,B091LL12GP,リプトン フルーツチャージティー スティック アソート 30本 粉末
20210630_2127_Wed,紅茶,try_1,Organic,4,B00OTKU4BC,AHMAD TEA ( アーマッドティー ) アールグレイ ティーバッグ 100袋入り [ 英国ブランド 個包装 ]
20210630_2127_Wed,紅茶,try_1,Organic,5,B081Z261VB,菱和園 農薬を使わず育てた紅茶ティーバッグ 50袋 ×2個
20210630_2127_Wed,紅茶,try_1,Organic,6,B08NTL7YF5,【Amazon.co.jp限定】 リプトン ロイヤルミルクティー用 アッサムブレンド ティーバッグ 100杯分
20210630_2127_Wed,紅茶,try_1,Organic,7,B013OSZVC6,Lakshimi(ラクシュミー) 極上はちみつ紅茶 ティーバッグ25袋入り
20210630_2127_Wed,紅茶,try_1,Organic,8,B07GBW5T2N,神戸紅茶【紅茶鑑定士が選ぶ】7種の高級茶葉 28杯分(各４Ｐ×７種)/７種の香り ギフトセット 生紅茶シリーズ
20210630_2127_Wed,紅茶,try_1,Organic,9,B075L72LV4,リプトン ピュア&シンプルティーバッグ 100袋×3個
20210630_2127_Wed,紅茶,try_1,Organic,10,B07NFHLKTD,AGF ブレンディ スティック 紅茶オレ 100本 【 ミルクティー 】
20210630_2127_Wed,紅茶,try_1,Organic,11,B003CJE57A,AHMAD TEA ( アーマッドティー ) クラシックセレクション ティーバッグ 20袋 [ アソート : ダージリン アールグレイ イングリッシュブレックファースト イングリッシュティーNo.1 ]
20210630_2127_Wed,紅茶,try_1,Organic,12,B07N92TDFX,トワイニング アールグレイ セレクションファイブ 50P ティーバッグ
20210630_2127_Wed,紅茶,try_1,Organic,13,B08K9KC5LC,【Amazon.co.jp限定】 リプトン カフェインレスティー 60袋入 デカフェ・ノンカフェイン ティーバッグ
20210630_2127_Wed,紅茶,try_1,Organic,14,B018XATRMA,AHMAD TEA ( アーマッドティー ) デカフェ アールグレイ ティーバッグ 100袋入り [ カフェインレス タイプ 個包装 ]
20210630_2127_Wed,紅茶,try_1,Organic,15,B07JGN4F4C,伊藤園 Relax ジャスミン茶 ティーバッグ 3.0g×100袋
20210630_2127_Wed,紅茶,try_1,Organic,16,B01568IJKI,日東紅茶 デイリークラブ 6バラエティーパック 10袋入り×6個
20210630_2127_Wed,紅茶,try_1,Organic,17,B08S3MFPTB,紅茶 ティーバッグ アールグレイ 【 ギフト で喜ばれる100袋入り】 AKBAR アクバー 紅茶 ティーバッグ 「 アイスティー や ミルクティー として飲んでも美味しい 人気 の アールグレイ ティー 」「 高級 感漂う香り」
20210630_2127_Wed,紅茶,try_1,Organic,18,B07PL5Z25R,サー・トーマス・リプトン 6種アソート アルミティーバッグ ×60袋
20210630_2127_Wed,紅茶,try_1,Organic,19,B07P8SRBDY,リプトン コールドブリュー アールグレイ ティーバッグ 1袋(12パック入) ×3袋
20210630_2127_Wed,紅茶,try_1,Organic,20,B0151BXGDK,リプトン フレーバーティーアソート 3種(アップル・ピーチ&マンゴー・ミックスベリー) アルミティーバッグ×60袋
20210630_2127_Wed,紅茶,try_1,Organic,21,B003ZPFCN2,AHMAD TEA ( アーマッドティー ) イングリッシュブレックファースト 200g 缶 [ 英国ブランド ]
20210630_2127_Wed,紅茶,try_1,Organic,22,B08M75X4GY,【Amazon.co.jp限定】 リプトン ボタニックティー ベッドタイムブリスティーバッグ 30袋
20210630_2127_Wed,紅茶,try_1,Organic,23,B08WYKSHZG,【Amazon.co.jp限定】 AHMAD TEA （ アーマッドティー ） ザ・ベスト・セレクション ティーバッグ 60袋 [ アールグレイ  デカフェアールグレイ  イングリッシュティーNo.1  イングリッシュブレックファースト  セイロン  ダージリン 各10袋]
20210630_2127_Wed,紅茶,try_1,Organic,24,B00886FK30,AHMAD TEA ( アーマッドティー ) アールグレイ リーフ 200g [ 英国ブランド ]
20210630_2127_Wed,紅茶,try_1,Organic,25,B08GCY3PZ8,【セット商品】アーマッドティー グレートテイストアワード受賞商品 ティーバッグ 4種 アソート（ダージリン アールグレイ イングリッシュティーNo.1 ルイボス＆シナモン 各1個）
20210630_2127_Wed,紅茶,try_1,Organic,26,B08G4YF4M4,三井農林 日東紅茶 水出しアイスティーアールグレイ TB 100袋入り ティーバッグ
20210630_2127_Wed,紅茶,try_1,Organic,27,B00GY3UZV6,フォートナム&メイソン ロイヤルブレンド リーフ 1缶(250ｇ)［並行輸入品］ [並行輸入品]
20210630_2127_Wed,紅茶,try_1,Organic,28,B08VTDBTFL,AGF プロフェッショナル プレミアム紅茶1杯用 50本 粉末
20210630_2127_Wed,紅茶,try_1,Organic,29,B003ZNL4IQ,AHMAD TEA ( アーマッドティー ) ダージリン 200g 缶 [ 英国ブランド ]
20210630_2127_Wed,紅茶,try_1,Organic,30,B001N26WCE,ワールドフーズ マルコポーロ100g[並行輸入] リーフ
20210630_2127_Wed,紅茶,try_1,Organic,31,B06VXPKWW2,AHMAD TEA ( アーマッドティー ) フルーツセレクション ティーバッグ 20袋 ×3個 [ アソート : アップル レモン&ライム ピーチ&パッションフルーツ ストロベリー ]
20210630_2127_Wed,紅茶,try_1,Organic,32,4791609891,紅茶
20210630_2127_Wed,紅茶,try_1,Organic,33,B00U7F865O,日東紅茶 こく味のある紅茶 135g
20210630_2127_Wed,紅茶,try_1,Organic,34,B0894Z3YQK,紅茶好きのおうち時間200P ティーバッグ
20210630_2127_Wed,紅茶,try_1,Organic,35,B072KPXW4Q,サー・トーマス・リプトン リーフティー ディンブラ 250g
20210630_2127_Wed,紅茶,try_1,Organic,36,B086VVQQLL,【Amazon.co.jp限定】 リプトン アップルルイボス 75杯分 デカフェ・ノンカフェイン ティーバッグ
20210630_2127_Wed,紅茶,try_1,Organic,37,B06ZYVDFLR,キリン 午後の紅茶 おいしい無糖 Dash Button
20210630_2127_Wed,紅茶,try_1,Organic,38,B07YMJRYSV,[Amazon限定ブランド]キッコーマン 豆乳飲料 紅茶 SOYMILK DAYS 200ml×30本
20210630_2127_Wed,紅茶,try_1,Organic,39,B079FNZN59,Lakshimi(ラクシュミー) 極上はちみつ紅茶 ティーバッグ25袋入り×3箱セット
20210630_2127_Wed,紅茶,try_1,Organic,40,B086VT9YBL,【Amazon.co.jp限定】 リプトン バニラルイボス 75杯分 デカフェ・ノンカフェイン ティーバッグ
20210630_2127_Wed,紅茶,try_1,Organic,41,B07SCNCSF6,【Amazon.co.jp限定】 サー・トーマス・リプトン アイスティー 甘さひかえめ テトラプリズマ 1000ml ×6本
20210630_2127_Wed,紅茶,try_1,Organic,42,B06XQ5Z5L7,TWG Tea ｜Royal Darjeeling FTGFOP1（コットンティーバッグ 2.5g×15個入り)
20210630_2127_Wed,紅茶,try_1,Organic,43,B00DPHKJVU,FORTNUM & MASON(フォートナム＆メイソン) アールグレイ クラシック リーフ 缶入り(250ｇ) [並行輸入品]
20210630_2127_Wed,紅茶,try_1,Organic,44,B08Z3KVJ6M,TEARTH ( ティーアース ) はちみつ紅茶 25包入り 2個セット
20210630_2127_Wed,紅茶,try_1,Organic,45,B08GCXY7W5,【セット商品】アーマッドティー フルーツティー ティーバッグ 6種 アソート(アップル レモン＆ライム ストロベリー ピーチ＆パッションフルーツ マンゴー バニラ 各1個)
20210630_2127_Wed,紅茶,try_1,Organic,46,B08GSK93LF,【セット商品】アーマッドティー デカフェ ティーバッグ アソート 2種 (アールグレイ フルーツセレクション 各2個) 160g デカフェ・ノンカフェイン
20210630_2127_Wed,紅茶,try_1,Organic,47,B009K6PNRA,バシラーティーマジックフルーツアソートブック(64g)
20210630_2127_Wed,紅茶,try_1,Organic,48,B075W95RQQ,キリン 午後の紅茶 エスプレッソ ティーラテ 250gボトル缶×24本
20210630_2127_Wed,紅茶,try_1,Organic,49,B07T9C93FJ,AHMAD TEA ( アーマッドティー ) コールドブリュー レモン&ライム ティーバッグ 20袋 ×2個 [ 英国ブランド 水出し紅茶 個包装 ]
20210630_2127_Wed,紅茶,try_1,Organic,50,B06XQLVX8F,TWG Tea ｜French Earl Grey（コットンティーバッグ 2.5g×15個入り)
20210630_2127_Wed,紅茶,try_1,Organic,51,B08G4NFRR6,AGF ブレンディスティック 紅茶オレ 糖質オフ 8本 ×6箱 粉末
20210630_2127_Wed,紅茶,try_1,Organic,52,B01LWMYLMQ,トワイニング アールグレイ 50P
20210630_2127_Wed,紅茶,try_1,Organic,53,B00LFJ5HU8,AHMAD TEA ( アーマッドティー ) イングリッシュティーNo.1 ティーバッグ 100袋入り [ 英国ブランド 個包装 ]
20210630_2127_Wed,紅茶,try_1,Organic,54,B016MGH35K,ワイルド ストロベリー ティーバッグ(9袋入)
20210630_2127_Wed,紅茶,try_1,Organic,55,B01C28Z16U,トワイニング カフェインレス アールグレイ 20P ティーバッグ
20210630_2127_Wed,紅茶,try_1,Organic,56,B00BD40SYU,Janat プロヴァンスシリーズ フルーツティーアソート 40P
20210630_2127_Wed,紅茶,try_1,Organic,57,B01DCZJ1R2,日東紅茶 カフェインレスアールグレイ 20袋入り×2個
20210630_2127_Wed,紅茶,try_1,Organic,58,B015C5YE8Q,三井農林 ホワイトノーブル紅茶 ( アルミ・ティーバッグ ) ダージリン 2.2g×50個
20210630_2127_Wed,紅茶,try_1,Organic,59,B07YYNFMPZ,[Amazonブランド] SOLIMO シーチキン Lフレーク 70g×12缶
20210630_2127_Wed,紅茶,try_1,Organic,60,B08P54H5KX,えいこく屋 オモロス ドライフルーツティーセット 紅茶 無添加 日本産 (ギフトパッケージ10個入)
20210630_2127_Wed,紅茶,try_1,Organic,61,B08G4TZZM3,リプトン キープ&チャージ リフレッシュ アールグレイ ティーバッグ 10袋入 ×6袋
20210630_2127_Wed,紅茶,try_1,Organic,62,B08WHMF9HH,AGF ブレンディ スティック 冷たい牛乳で飲む クリーミー紅茶オレ 7本 ×6個 粉末
20210630_2127_Wed,紅茶,try_1,Organic,63,B08DJ2LM3N,有機マサラチャイ紅茶(100g) リーフ
20210630_2127_Wed,紅茶,try_1,Organic,64,B07X3DCG9W,キャットカフェ アールグレイ ルイボスティー アッサム ティーバッグ 紅茶 3種セット 各1個
20210630_2127_Wed,紅茶,try_1,Organic,65,B07Q2Z6MNN,8ピースステンレス鋼コーヒースプーンセット撹拌スプーンゴールドミニ小さじカトラリーエスプレッソ紅茶とコーヒースプーンデザートスプーンに適し
20210630_2127_Wed,紅茶,try_1,Organic,66,B01LXAJMV5,トワイニング ダージリン 50P
20210630_2127_Wed,紅茶,try_1,Organic,67,B004YNVHDS,神戸紅茶 イングリッシュブレックファスト 2.5g×50P
20210630_2127_Wed,紅茶,try_1,Organic,68,B0986Y9JY5,NancyMissY カーケトル1000Mlホットケトルカーポータブル給湯器カフェ304ステンレス鋼大容量の自動旅行
20210630_2127_Wed,紅茶,try_1,Organic,69,B001FB63MM,トワイニング オレンジペコ― 200g
20210630_2127_Wed,紅茶,try_1,Organic,70,B086LXV5LR,UCC 職人の珈琲 ドリップコーヒー 飲み比べアソートセット ×54袋 レギュラー(ドリップ)
20210630_2127_Wed,紅茶,try_1,Organic,71,B07JGN484D,伊藤園 ヘルシールイボスティー ティーバッグ 2.0g×100袋
20210630_2127_Wed,紅茶,try_1,Organic,72,B079NKXP8Y,AGF ブレンディ カフェラトリー スティック 芳醇ピーチティー 7本×6箱 【 フルーツティー 】【 紅茶 スティック 】
20210630_2127_Wed,紅茶,try_1,Organic,73,B07G8F7BH4,リプトン コールドブリューバッグ パイナップル&ハイビスカス [紅茶 水出し ティーバッグ]×30袋
20210630_2127_Wed,紅茶,try_1,Organic,74,B01G84Q398,ウィリアムソン紅茶 アールグレイティーバック 50P
20210630_2127_Wed,紅茶,try_1,Organic,75,B007OOPOHO,日東紅茶 ロイヤルミルクティー スティック 10本入り×6個
20210630_2127_Wed,紅茶,try_1,Organic,76,B08V29DGY9,サントリー クラフトボス Tea ノンシュガー 紅茶 450ml ×24本
20210630_2127_Wed,紅茶,try_1,Organic,77,B08WSQ3NWJ,日東紅茶 至福のシャインマスカット 10本 ×3袋 粉末
20210630_2127_Wed,紅茶,try_1,Organic,78,B003U5UW32,マルサン 豆乳飲料紅茶 カロリー50%オフ 1L×6本
20210630_2127_Wed,紅茶,try_1,Organic,79,B0001LQKBQ,ピージーチップス ピラミッド型ティーバッグ ×80袋 [正規輸入品]
20210630_2127_Wed,紅茶,try_1,Organic,80,B071GQL6BH,はくばく 水出しでおいしい麦茶 360g×4袋
20210630_2127_Wed,紅茶,try_1,Organic,81,B07X4J62QH,日本緑茶センター ティーブティック やさしいデカフェ紅茶 ノンカフェイン フルーツシリーズ 4種セット
20210630_2127_Wed,紅茶,try_1,Organic,82,B06XHZPQVP,日東紅茶 アールグレイ紅茶ティーバッグ 20P×6個
20210630_2127_Wed,紅茶,try_1,Organic,83,B07S69YHK9,キリン 午後の紅茶 おいしい無糖 500mlPET×24本
20210630_2127_Wed,紅茶,try_1,Organic,84,B07GVNCC49,リプトン カフェインレスティー 20杯分 ×6袋 デカフェ・ノンカフェイン ティーバッグ
20210630_2127_Wed,紅茶,try_1,Organic,85,B0070Q8RQQ,ロンネフェルト　紅茶　アイリッシュモルト【100g袋】
20210630_2127_Wed,紅茶,try_1,Organic,86,B01568IJK8,日東紅茶 ロイヤルミルクティー 280g×4袋
20210630_2127_Wed,紅茶,try_1,Organic,87,B08WXSC99Q,キリン 午後の紅茶 ストレートティー 500ml PET ×24本
20210630_2127_Wed,紅茶,try_1,Organic,88,B01BM0AY16,UCC おいしいカフェインレスコーヒー ドリップコーヒー 7g×50袋 デカフェ・ノンカフェイン レギュラー(ドリップ)
20210630_2127_Wed,紅茶,try_1,Organic,89,B003LJKV38,一直都在玩 红茶
20210630_2127_Wed,紅茶,try_1,Organic,90,B07CCRMHT2,(KUSMI TEA) クスミティー アールグレイ ブレンド ティーバッグ 2.2g×24袋入り(6種類、各4袋入り) [正規輸入品]
20210630_2127_Wed,紅茶,try_1,Organic,91,B07B6HVDMT,グリコ アーモンド効果 砂糖不使用 アーモンドミルク 1000ml×6本 常温保存可能
20210630_2127_Wed,紅茶,try_1,Organic,92,B07PQSBDZN,高容量ドリップタイプコーヒーメーカー-700ML 自動断熱ガラスサーマルカラフを作る紅茶を作るコーヒー-多機能家具エッセンシャル-ブラック
20210630_2127_Wed,紅茶,try_1,Organic,93,B01GYQBZAW,フォートナム&メイソン Lapsang Souchong ティーバッグ 25個入り 個包装 ラプサンスーチョン (正山小種) [並行輸入品]
20210630_2127_Wed,紅茶,try_1,Organic,94,B00D1ML58A,北欧紅茶・セーデル100gリフィル
20210630_2127_Wed,紅茶,try_1,Organic,95,B06XGCCM1V,リプトン イエローラベル ティーバッグ 50袋×6箱
20210630_2127_Wed,紅茶,try_1,Organic,96,B003ZPKIWC,AHMAD TEA ( アーマッドティー ) イングリッシュティー No.1 200g 缶 [ 英国ブランド ]
20210630_2127_Wed,ハーブティー,try_1,Organic,1,B08M75X4GY,【Amazon.co.jp限定】 リプトン ボタニックティー ベッドタイムブリスティーバッグ 30袋
20210630_2127_Wed,ハーブティー,try_1,Organic,2,B07PGTLGLW,リプトン ハーブティー 5種アソート アルミティーバッグ [紅茶 ノンカフェイン] ×60袋
20210630_2127_Wed,ハーブティー,try_1,Organic,3,B084YRJK3V,● カモミールティー ＋ リンデンフラワー ● 夜寝る前専用 ハーブティー ● カモミール 夜に飲んでリラックス ● ノンカフェインで安心 ● 定価1480円 → 新発売キャンペーン特価【999円】33%OFF ● ティーバッグ 20包入（紅茶専門店　京都セレクトショップ）
20210630_2127_Wed,ハーブティー,try_1,Organic,4,B003JLZ99E,pukka (パッカ) レモングラス&ジンジャー 有機 ハーブティー 20TB (オーガニック)
20210630_2127_Wed,ハーブティー,try_1,Organic,5,B00E3PASAA,セレッシャル 20BG スリーピータイム
20210630_2127_Wed,ハーブティー,try_1,Organic,6,B001GS8OV2,ロンドンフルーツ&ハーブ ティーバッグ スペシャルパック 20袋
20210630_2127_Wed,ハーブティー,try_1,Organic,7,B003Q3TY78,三井農林 ホワイトノーブルハーブティー ( アルミ・ティーバッグ ) カモミール&ペパーミント1.5g×50個
20210630_2127_Wed,ハーブティー,try_1,Organic,8,B08V51FZCZ,天然生活 カモミールハーバルブレンドティー (100包) カモミールティー ティーパック オレンジピール ローズヒップ レモングラス
20210630_2127_Wed,ハーブティー,try_1,Organic,9,B01BS7P63Y,母乳育児サポートハーブティー AMOMA ミルクアップブレンド　2.5g×30ティーバッグ ■授乳中の飲み物やお茶をお探しのママへ・たんぽぽなど厳選8種を配合、ノンカフェインハーブティのAMOMA(アモーマ)
20210630_2127_Wed,ハーブティー,try_1,Organic,10,B001QDF794,ゾネントア SONNENTOR ハーブティー オーガニック ティーバッグ アソート 20種類のお茶
20210630_2127_Wed,ハーブティー,try_1,Organic,11,B000LZSFNS,ポンパドール ペパーミントリーフハーブティー 10P入
20210630_2127_Wed,ハーブティー,try_1,Organic,12,B00BN5R1LM,日東紅茶 アロマハウス リラックス カモミール 10袋入り × 6個
20210630_2127_Wed,ハーブティー,try_1,Organic,13,B07H82YKKQ,生活の木 おいしいハーブティー エキナセアベア ティーバッグ100ヶ入
20210630_2127_Wed,ハーブティー,try_1,Organic,14,B08GCXWCX7,【セット商品】アーマッドティー ハーブティー ティーバッグ 6種 アソート (ミックスベリー ローズヒップ ペパーミント カモミール レモン＆ジンジャー ルイボス＆シナモン 各1個) [ノンカフェイン]210ｇ
20210630_2127_Wed,ハーブティー,try_1,Organic,15,B00ABWZHBE,エステプロ・ラボ(Esthe Pro Labo) キャラメル デトック ハーブティー プロ 3g×30包
20210630_2127_Wed,ハーブティー,try_1,Organic,16,B01E4VWE2M,● カモミール ● ハーブティー ● ティーバッグ ● 夜の寝る前に、リラックスできる香り ● ノンカフェイン・無香料・無着色 ● 原料＝ カモミールティー 100％ ● ティーパック 20包入（紅茶専門店　京都セレクトショップ）
20210630_2127_Wed,ハーブティー,try_1,Organic,17,B08GSLX7CD,【セット商品】ハムステッド オーガニック ハーブティー アソート4種 (ローズヒップ&ハイビスカス レモン&ジンジャー ペパーミント&スペアミント カモミール 各1個) ティーバッグ
20210630_2127_Wed,ハーブティー,try_1,Organic,18,B01G84Q4B0,enherb 水出しハーブティー「ルイボス&マテ」×12袋
20210630_2127_Wed,ハーブティー,try_1,Organic,19,B00E0N2QQ4,セレッシャル 18BG フルーツハーブティ 5種類セット
20210630_2127_Wed,ハーブティー,try_1,Organic,20,B06WV9W85W,はちみつカモミール 【すぺいんの食卓ハーブティー】 (25TB入り×1箱)
20210630_2127_Wed,ハーブティー,try_1,Organic,21,B078N19W55,ペパーミントティー（ハーブティー・ノンカフェイン） 1.5g×50ティーバッグ入り (１個)
20210630_2127_Wed,ハーブティー,try_1,Organic,22,B08SLX69YJ,ダイエットほうじ茶 40g 残留農薬試験実施済み ハーブティー ブレンドティー サラシア ほうじ茶 マルベリー メディカルハーブ 薬膳 美容 ルイボスティー ダイエット 脂肪
20210630_2127_Wed,ハーブティー,try_1,Organic,23,B075K26QPM,リプトン ヘルシースタイル カモミール・オレンジティー ティーバッグ 10袋×6個
20210630_2127_Wed,ハーブティー,try_1,Organic,24,B008L3FZ5S,セレッシャル 20BG ジャミンレモンジンジャー
20210630_2127_Wed,ハーブティー,try_1,Organic,25,B00VILLMZ2,ゾネントア SONNENTOR ハーブティー オーガニック ティーバッグ ノンカフェイン カモミールティー
20210630_2127_Wed,ハーブティー,try_1,Organic,26,B07YYNHNXB,enherb ハーブティー「ストレスでキリキリしちゃう時に」 ×30個 デカフェ・ノンカフェイン ティーバッグ
20210630_2127_Wed,ハーブティー,try_1,Organic,27,B0854BW6BT,ポンパドール 水出し フルーツハーブティー クールセンセーション ベリーモヒート（2.5g×8TB入り）×5個セット ノンカフェイン 水出し5分
20210630_2127_Wed,ハーブティー,try_1,Organic,28,B00GHAHGOK,エステプロ・ラボ Cramel Detoc Harb Tea Pro キャラメルデトック ハーブティー プロ 3g × 30包 2箱セット
20210630_2127_Wed,ハーブティー,try_1,Organic,29,B014P4N8M8,AMOMAミルクセーブブレンド 2.0g×30ティーバッグ ■断乳・母乳過多でお悩みの方へ　ノンカフェインハーブティーのAMOMA(アモーマ)
20210630_2127_Wed,ハーブティー,try_1,Organic,30,B00VURT5EY,ゾネントア SONNENTOR ハーブティー オーガニック ティーバッグ ノンカフェイン ブレンド ヒルデガルト 呼吸のお茶
20210630_2127_Wed,ハーブティー,try_1,Organic,31,B00EJ9EGGM,トワイニング ハーブティー バラエティパック 40P
20210630_2127_Wed,ハーブティー,try_1,Organic,32,B085XT6CTY,【SNSで話題】molfon バタフライピー 8g ティーバッグ 無農薬 バタフライピーティーパック　青いお茶
20210630_2127_Wed,ハーブティー,try_1,Organic,33,B08YDJH6V8,しつこい蓄積にさようならブレンド 40g 残留農薬試験実施済み カキドオシ サラシア マルベリー エルダーフラワー モリンガ メディカルハーブ 薬膳 美容 ダイエット
20210630_2127_Wed,ハーブティー,try_1,Organic,34,B07H2X5ZM9,バタフライピー50包 （10包×5個）ミントフレーバー　 ティーパック ブルーハーブ 青いお茶 ブルーティー アンチャン茶 蝶豆花茶 青いハーブティー SNS話題 色が変わる タイ花茶 健康茶 フレーバーティー レモングラス
20210630_2127_Wed,ハーブティー,try_1,Organic,35,B012I0HX90,ハイビスカス 500g アメ横 大津屋 スパイス ハーブ hibiscus ハイビスカスティーローゼル はいびすかす
20210630_2127_Wed,ハーブティー,try_1,Organic,36,B00YUNVKJI,pukka (パッカ) ラブ 有機 ハーブティー 10TB (オーガニック) 1個
20210630_2127_Wed,ハーブティー,try_1,Organic,37,B07H83D4K1,生活の木 おいしいハーブティー アサイーラズベリー ティーバッグ100ヶ入
20210630_2127_Wed,ハーブティー,try_1,Organic,38,B07FQQVJ3Z,ママセレクト 母乳ハーブティー meguru(めぐる) 2g×30包 授乳中 母乳 母乳育児 母乳ミルク 増加増量
20210630_2127_Wed,ハーブティー,try_1,Organic,39,B006HXXDA8,授乳中のママブレンド 2g×30包
20210630_2127_Wed,ハーブティー,try_1,Organic,40,B0828HKRQR,● 母乳育児 ハーブティー ● 子育て応援セール中 ● 授乳中のママに最適な母乳ミルク増加増量のブレンド ハーブティー ● 母乳実感ママ多数 ● ノンカフェイン ● ティーバッグ 20包入 ● 定価1480円 → 子育て応援キャンペーン特価【888円】● ブランド名＝京ママ ● ブレンド内容＝ラズベリーリーフ・ネトル・フェンネル・ルイボスティー・レモングラス・ローズヒップ（紅茶専門店　京都セレクトショップ）
20210630_2127_Wed,ハーブティー,try_1,Organic,41,B00CMWAXAQ,セレッシャル 20BG ペパーミント
20210630_2127_Wed,ハーブティー,try_1,Organic,42,B07XQ25M16,クリッパー オーガニック ハーブティー スノア&ピース 20P ティーバッグ
20210630_2127_Wed,ハーブティー,try_1,Organic,43,B08WCJ9NHK,ポンパドール イタリアンレモン 1箱(2.5g×10TB入り）×6箱セット
20210630_2127_Wed,ハーブティー,try_1,Organic,44,B08L6G35DB,ハーバル堂 ハーブティー ペットボトル用ティーバッグ ダブルミントブレンド 10個入り ノンカフェイン 合成香料・合成保存料・合成着色料不使用
20210630_2127_Wed,ハーブティー,try_1,Organic,45,B076SLKV81,重ね発酵ハーブ茶 ダイエット茶 ハーブティー ノンカロリー【30包/国産生産】
20210630_2127_Wed,ハーブティー,try_1,Organic,46,B000FQSQF0,ポンパドール アップル&ハーブミックス 20P
20210630_2127_Wed,ハーブティー,try_1,Organic,47,B00DK7BEV4,EsthePro Labo (エステプロ ラボ) ハーブティープロ 30包入 G-デトック
20210630_2127_Wed,ハーブティー,try_1,Organic,48,B071D3M724,coesam(コエサム)有機ローズヒップ野ばらのハーブティーパウダー100g
20210630_2127_Wed,ハーブティー,try_1,Organic,49,B07D6C6C9N,オーガライフ バタフライピー 50g お茶 無農薬 ハーブティー ノンカフェイン バタフライティー アンチャン
20210630_2127_Wed,ハーブティー,try_1,Organic,50,B07NN9NMYG,レモンバームティー（メリッサ・ハーブティー・ノンカフェイン）1.5g×50ティーバッグ (1個)
20210630_2127_Wed,ハーブティー,try_1,Organic,51,B01LY4LNJC,ハーブティー オーガニック お試しセット (リラックス) ×5袋
20210630_2127_Wed,ハーブティー,try_1,Organic,52,B08ZCC1KG7,● レモングラスティー ● 爽やかなハーブの香りでリラックス＆リフレッシュ　●ブレンド名＝ストレス解消ほっこり ハーブティー　●原料＝ レモングラス & ローズヒップ & ローズマリー & アップルピール　● ノンカフェイン・無香料・無着色　● ティーバッグ 20包入　● 66％OFF セール特価キャンペーン中！（紅茶専門店　京都セレクトショップ）
20210630_2127_Wed,ハーブティー,try_1,Organic,53,B008HVPQ5S,ヨギティー ハーブティー エキナセアブレンド (16袋入)
20210630_2127_Wed,ハーブティー,try_1,Organic,54,B07H82LHBR,生活の木 おいしいハーブティー プリンセスタイム ティーバッグ100ヶ入
20210630_2127_Wed,ハーブティー,try_1,Organic,55,B07G9STD4V,生活の木 私の30日茶　女性の味方ブレンド (ティーバッグ 90ケ入)
20210630_2127_Wed,ハーブティー,try_1,Organic,56,B084DL72LN,enherb ハーブティー ティーバッグ 「女性リズムを笑顔で過ごしたい時に」 ×30個
20210630_2127_Wed,ハーブティー,try_1,Organic,57,B000XBBUJ6,ロンドンフルーツ&ハーブ ティーバッグ ストロベリー&バニラフレール 20袋
20210630_2127_Wed,ハーブティー,try_1,Organic,58,B07YYNS2CQ,enherb ハーブティー ティーバッグ「 ぐっすりおやすみしたい時に」 ×30個 デカフェ・ノンカフェイン
20210630_2127_Wed,ハーブティー,try_1,Organic,59,B07679C4DC,HERB BREWER(ハーブブリューワー) ハーブティー Beauty(ビューティー)×7個
20210630_2127_Wed,ハーブティー,try_1,Organic,60,B07G9W36JR,生活の木 私の30日茶 高麗人参剛力ブレンド (ティーバッグ 30ケ入)
20210630_2127_Wed,ハーブティー,try_1,Organic,61,B07H82W5R9,生活の木 おいしいハーブティー プリンセスタイム (ティーバック30ヶ入)
20210630_2127_Wed,ハーブティー,try_1,Organic,62,B00IR0JU4W,yogi ヨギティー ハーブティー ラズベリーリーフ 16P
20210630_2127_Wed,ハーブティー,try_1,Organic,63,B07Y44783G,青いお茶 バタフライピー＆レモングラス（ミックスドライ天然茶葉）『ハーブティー』 お得に大容量 200g 【無農薬栽培・天然乾燥・無添加】Butterflypea & Lemongrass ( Mix ) Herb Tea 200g
20210630_2127_Wed,ハーブティー,try_1,Organic,64,B07YXH91RM,オーガライフ ラズベリーリーフティー オーガニック 1.2g×30包 ティーバッグ ドイツオーガニック認証 安産ハーブティー 妊婦 ノンカフェイン 無農薬
20210630_2127_Wed,ハーブティー,try_1,Organic,65,B01BTL4NLU,母乳詰まりサポートハーブティー AMOMA ミルクスルーブレンド　2.0g×30ティーバッグ ■授乳中の飲み物やハーブティをお探しのママへ・ノンカフェインハーブティーのAMOMA(アモーマ)
20210630_2127_Wed,ハーブティー,try_1,Organic,66,B07G9PVSPG,生活の木 私の30日茶 蒼のメグスリノキブレンド (ティーバッグ 30ケ入)
20210630_2127_Wed,ハーブティー,try_1,Organic,67,B07VHZJPSM,t.（ティードット） 南阿蘇 健康茶 アカ＆クロ ティーバッグ 120g(4g×30包)×2袋 箱入り ギフト プレゼント
20210630_2127_Wed,ハーブティー,try_1,Organic,68,B07F83TCQ2,ローズヒップ&ハイビスカスティー ティーバッグ60包 ブレンド茶 ノンカフェイン ハーブティー アイスティー 水出し
20210630_2127_Wed,ハーブティー,try_1,Organic,69,B01M0Q264T,リンデン ハーブティー オーガニック 50g
20210630_2127_Wed,ハーブティー,try_1,Organic,70,B00B3EXEV4,セレッシャル 20BG ミントマジック
20210630_2127_Wed,ハーブティー,try_1,Organic,71,B07RXMYGY7,シャルーヌ DDハーブティー 90g(3g×30包) 1日１杯でドッサリ１か月分 フルーティーなアップルフレーバー
20210630_2127_Wed,ハーブティー,try_1,Organic,72,B004H7FP52,ゾネントア SONNENTOR ハーブティー オーガニック ティーバッグ ノンカフェイン ブレンド 月のお茶 上弦のお茶
20210630_2127_Wed,ハーブティー,try_1,Organic,73,B07VCMY9NZ,t.（ティードット） 南阿蘇 ハーブティー 幸せのお茶会 ５箱セット ノンカフェイン ５包×5箱 箱入り ギフト プレゼント
20210630_2127_Wed,ハーブティー,try_1,Organic,74,B079JLB1WJ,有機いちじく＆アーモンドティー46g（2.3g×20袋）【オーガニックJAS認定】ノンカフェイン
20210630_2127_Wed,ハーブティー,try_1,Organic,75,B07679C8PM,HERB BREWER(ハーブブリューワー) ハーブティー Cleanse(クレンズ)×7個
20210630_2127_Wed,ハーブティー,try_1,Organic,76,B07H81L75F,生活の木 おいしいハーブティー エルダーフラワーマスカット (ティーバック30ヶ入)
20210630_2127_Wed,ハーブティー,try_1,Organic,77,B01M02SBMC,ハーブティー オーガニック お試しセット (リフレッシュ) ×5袋
20210630_2127_Wed,ハーブティー,try_1,Organic,78,B000XBBULE,ロンドンフルーツ&ハーブ ティーバッグ ブラックカラントブレイサー 20袋
20210630_2127_Wed,ハーブティー,try_1,Organic,79,B07Z7D6SNV,生活の木 おいしいハーブティー マヌカハニージンジャー (ティーバック30ヶ入)
20210630_2127_Wed,ハーブティー,try_1,Organic,80,B005O8ASSW,ユーカリ茶 40g(20包)
20210630_2127_Wed,ハーブティー,try_1,Organic,81,B07H81Q6T8,生活の木 おいしいハーブティー アサイーラズベリー (ティーバック30ヶ入)
20210630_2127_Wed,ハーブティー,try_1,Organic,82,B00BYK5B36,有機レモングラス　ティーバック３０ヶ入　ティーバッグハーブティー　生活の木
20210630_2127_Wed,ハーブティー,try_1,Organic,83,B00NN5CN8Q,うんちのお茶【ダイエットハーブティー】
20210630_2127_Wed,ハーブティー,try_1,Organic,84,B078H9ZBVC,ネトルティー（セイヨウイラクサ・ハーブティー・ノンカフェイン） 1.5g×50ティーバッグ入り (1個)
20210630_2127_Wed,ハーブティー,try_1,Organic,85,B07H82VYGJ,生活の木 おいしいハーブティー ムーンガーデン ティーバッグ100ヶ入
20210630_2127_Wed,ハーブティー,try_1,Organic,86,B008HVPQMG,ヨギティー ハーブティー レモンジンジャー 16P
20210630_2127_Wed,ハーブティー,try_1,Organic,87,B01B1H1UVS,ゼスタ 20TBペパーミントティ 1.5g×20
20210630_2127_Wed,ハーブティー,try_1,Organic,88,B000XBBUK0,ロンドンフルーツ&ハーブ ティーバッグ オレンジスパイサー 20袋
20210630_2127_Wed,ハーブティー,try_1,Organic,89,B08V5C559W,国産有機レモングラス ハーブティー 1.5g×30P
20210630_2127_Wed,ハーブティー,try_1,Organic,90,B07RRVM8X6,日本緑茶センター ポンパドール ルイボスティーバニラ 35g ×3個 ティーバッグ
20210630_2127_Wed,ハーブティー,try_1,Organic,91,B08C9T4QZL,TEARTH ( ティーアース ) ハーブティー アサイーベリー ティーバッグ 12袋入り 個包装
20210630_2127_Wed,ハーブティー,try_1,Organic,92,B006392O7Y,ブレンド ハーブティー ハーバル デトックティー ラズベリーフレーバー 30包 t0124202
20210630_2127_Wed,ハーブティー,try_1,Organic,93,B00VCX5ZDG,サマハン（アーユルヴェーダ・ティー）×５箱（50袋）
20210630_2127_Wed,ハーブティー,try_1,Organic,94,B001I8O85G,ラベンダー フラワー アメ横 大津屋 業務用 スパイス ドライ ハーブ ティー ポプリ lavender lavandula らべんだー アメ横大津屋商店 (500g)
20210630_2127_Wed,ハーブティー,try_1,Organic,95,B08HNPCZBH,日本緑茶センター ポンパドール カモミールハニー 30g ×2袋 ティーバッグ
20210630_2127_Wed,ハーブティー,try_1,Organic,96,B07PKXF2HH,OSKルイボスとローズマリー・カモミールの水出しブレンド茶ティーパック(2g×8袋) ×4個 ティーバッグ
20210630_2127_Wed,ティーリーフ,try_1,Organic,1,B088BF12FF,[キャシーマム アイランドスタイル] 枕カバー レディース 86103562D ティーリーフ ホワイト 60cm×120cm
20210630_2127_Wed,ティーリーフ,try_1,Organic,2,B00886FK30,AHMAD TEA ( アーマッドティー ) アールグレイ リーフ 200g [ 英国ブランド ]
20210630_2127_Wed,ティーリーフ,try_1,Organic,3,B088BC6HQ5,[キャシーマム アイランドスタイル] フェイスタオル クラシックハワイアンシリーズ ティーリーフ レディース 86101281D ホワイト 34cm×80cm
20210630_2127_Wed,ティーリーフ,try_1,Organic,4,B072KPXW4Q,サー・トーマス・リプトン リーフティー ディンブラ 250g
20210630_2127_Wed,ティーリーフ,try_1,Organic,5,B014P1EDM0,AMOMA ラズベリーリーフティー 1.2g×30ティーバッグ ■妊婦さんも安心のノンカフェイン・英国オーガニック認証ハーブを使用・ラズベリーリーフ(アモーマ)
20210630_2127_Wed,ティーリーフ,try_1,Organic,6,B00IR0JU4W,yogi ヨギティー ハーブティー ラズベリーリーフ 16P
20210630_2127_Wed,ティーリーフ,try_1,Organic,7,B003ZPFCN2,AHMAD TEA ( アーマッドティー ) イングリッシュブレックファースト 200g 缶 [ 英国ブランド ]
20210630_2127_Wed,ティーリーフ,try_1,Organic,8,B003ZPKIWC,AHMAD TEA ( アーマッドティー ) イングリッシュティー No.1 200g 缶 [ 英国ブランド ]
20210630_2127_Wed,ティーリーフ,try_1,Organic,9,B002GYVDKO,HARIO(ハリオ) リーフ ティー ポット ・ ピュア 700ml 4杯用 CHEN-70T
20210630_2127_Wed,ティーリーフ,try_1,Organic,10,B0049E8TN8,リプトン リーフティー エクストラクオリティ ダージリン 白缶 450g
20210630_2127_Wed,ティーリーフ,try_1,Organic,11,B07H5T4GP9,ホース・ソルジャー(字幕版)
20210630_2127_Wed,ティーリーフ,try_1,Organic,12,B00K1X2M7U,ティーリーフスカートスイートアロハオリジナル 大人 ウエスト９０センチ、丈６５センチ
20210630_2127_Wed,ティーリーフ,try_1,Organic,13,B00DPHKJVU,FORTNUM & MASON(フォートナム＆メイソン) アールグレイ クラシック リーフ 缶入り(250ｇ) [並行輸入品]
20210630_2127_Wed,ティーリーフ,try_1,Organic,14,B000LZSFNS,ポンパドール ペパーミントリーフハーブティー 10P入
20210630_2127_Wed,ティーリーフ,try_1,Organic,15,B07WYXJF8L,レプリカズ(吹替版)
20210630_2127_Wed,ティーリーフ,try_1,Organic,16,B08LP6FWY6,[キャシーマム アイランドスタイル] ウォッシュタオル ハンドタオル ハワイアンキルト柄 クラシックハワイアンシリーズ ティーリーフ レディース ホワイト 約 横 34cm×縦 35cm
20210630_2127_Wed,ティーリーフ,try_1,Organic,17,B07PDN2FYT,ボーダー メッシュ ボクサー パンツ マリンスタイル ローライズ 3D メンズ ボクサブリーフ 透け透け 速乾 ドライフィット 海 プール 夏 水着 大人 インナー 男性用 ビルパン もっこり プリケツ マッチョ トレーニング GTLINE
20210630_2127_Wed,ティーリーフ,try_1,Organic,18,B0761T694L,カカオティー/リーフタイプ
20210630_2127_Wed,ティーリーフ,try_1,Organic,19,B07WPR6XMN,レプリカズ(字幕版)
20210630_2127_Wed,ティーリーフ,try_1,Organic,20,B08R5Z1KYR,ハーバルリーフ オーガニック ヘアオイル 洗い流さない アウトバス ヘアトリートメント フレッシュティーの香り ビタミンC誘導体 髪さらツヤ 保湿 100ml 2本セット 日本製
20210630_2127_Wed,ティーリーフ,try_1,Organic,21,B07YXH91RM,オーガライフ ラズベリーリーフティー オーガニック 1.2g×30包 ティーバッグ ドイツオーガニック認証 安産ハーブティー 妊婦 ノンカフェイン 無農薬
20210630_2127_Wed,ティーリーフ,try_1,Organic,22,B071HM1WPW,HARIO(ハリオ) ジャンピングリーフポット ブラック 600ml 日本製 JPL-60-B
20210630_2127_Wed,ティーリーフ,try_1,Organic,23,B075L18WFL,サー・トーマス・リプトン ダージリンリーフティー 54g×3個
20210630_2127_Wed,ティーリーフ,try_1,Organic,24,B005G66WHI,ビリーヴ~永遠の絆+ソングス・フロム・ザ・ハート<LIVE>(DVD付)
20210630_2127_Wed,ティーリーフ,try_1,Organic,25,B01AJDPRFA,リーフツアラー(REEF TOURER) シュノーケル シュノーケリングベスト フローティングベスト スノーケリングベスト ベスト RA0402
20210630_2127_Wed,ティーリーフ,try_1,Organic,26,B01N36BX65,ルイボスティー スーペリアグレード 有機JASオーガニック 煮出し用 特大ティーバッグ 7g×30包
20210630_2127_Wed,ティーリーフ,try_1,Organic,27,B092RHP3KK,A1.ガラス越しのドライブ / B1.Taillight [Analog]
20210630_2127_Wed,ティーリーフ,try_1,Organic,28,B08NTL7YF5,【Amazon.co.jp限定】 リプトン ロイヤルミルクティー用 アッサムブレンド ティーバッグ 100杯分
20210630_2127_Wed,ティーリーフ,try_1,Organic,29,B085HK3FBZ,リーフ&ボタニクス リーフ＆ボタニクス ボディソープ グレープフルーツ ４００ｍＬ 本体 400ｍL
20210630_2127_Wed,ティーリーフ,try_1,Organic,30,B07F5QJ9ZZ,ローローLuoLuo リゾートワンピース レディース 夏 ノースリーブ - ワンピース 花柄 サマードレス 女性用 セクシー 体型カバー パーティードレス ビーチ 旅行 海水浴 大きいサイズ
20210630_2127_Wed,ティーリーフ,try_1,Organic,31,B07MTPM2N5,To Believe [解説・ボーナストラック1曲収録 / 国内盤] (BRC591)
20210630_2127_Wed,ティーリーフ,try_1,Organic,32,B07ZGZ9N2S,[ロキシー] SHORTSLEEVE TEE RST202026 LEAF WAVE ROXY レディース
20210630_2127_Wed,ティーリーフ,try_1,Organic,33,B00EDF426Q,ティーバッグ　有機ラズベリーリーフ×100個
20210630_2127_Wed,ティーリーフ,try_1,Organic,34,B003ZNL4IQ,AHMAD TEA ( アーマッドティー ) ダージリン 200g 缶 [ 英国ブランド ]
20210630_2127_Wed,ティーリーフ,try_1,Organic,35,B08PJZHM5D,エスケーピング・マッドハウス
20210630_2127_Wed,ティーリーフ,try_1,Organic,36,B07MQV2M4S,男性 下着 Florrita メンズ 柔らかい ローライズボクサーリーフ 無地 アイスシルク 通気性 ブリーフ 3D立体構造 無地 パンティー 吸汗速乾 三角パンツ フィット感 肌着 三角パンツ 男性インナーパンツ 勝負下着 彼氏 男の子 誕生日プレゼント
20210630_2127_Wed,ティーリーフ,try_1,Organic,37,B07MTQ5SM4,To Believe トートバッグ付 [初回受注限定生産限定盤 ] (BRC591TB)
20210630_2127_Wed,ティーリーフ,try_1,Organic,38,B004WB649E,リプトン エクストラクオリティ セイロン 110g
20210630_2127_Wed,ティーリーフ,try_1,Organic,39,B0049EC0SS,リプトン リーフティー エクストラクオリティセイロン 青缶 450g
20210630_2127_Wed,ティーリーフ,try_1,Organic,40,B08B4XB485,タンブルリーフ　シーズン２
20210630_2127_Wed,ティーリーフ,try_1,Organic,41,B07PPDFX66,リーフツアラー(REEF TOURER) シュノーケリング スノーケル スノーケリングベスト スリム 子供用 Sサイズ RA0402
20210630_2127_Wed,ティーリーフ,try_1,Organic,42,B0828HKRQR,● 母乳育児 ハーブティー ● 子育て応援セール中 ● 授乳中のママに最適な母乳ミルク増加増量のブレンド ハーブティー ● 母乳実感ママ多数 ● ノンカフェイン ● ティーバッグ 20包入 ● 定価1480円 → 子育て応援キャンペーン特価【888円】● ブランド名＝京ママ ● ブレンド内容＝ラズベリーリーフ・ネトル・フェンネル・ルイボスティー・レモングラス・ローズヒップ（紅茶専門店　京都セレクトショップ）
20210630_2127_Wed,ティーリーフ,try_1,Organic,43,B004KBHCGA,Bubbly~バック・トゥ・ザ・’80s(黄金期)~
20210630_2127_Wed,ティーリーフ,try_1,Organic,44,B001986FAQ,リーフツアラー(REEF TOURER) シュノーケル シュノーケリングベスト フローティングベスト スノーケリングベスト ベスト 子供用 SV1500
20210630_2127_Wed,ティーリーフ,try_1,Organic,45,B00K1X2N1U,ティーリーフスカート（フラダンス衣装）スイートアロハオリジナル ケイキ ウエスト８０センチ、丈５５センチ
20210630_2127_Wed,ティーリーフ,try_1,Organic,46,B07YDK3FZL,Mug&Pot 四季春茶 リーフTB 6p 12g ×3個 ティーバッグ
20210630_2127_Wed,ティーリーフ,try_1,Organic,47,B07CCVQRJZ,ウェッジウッド オリジナル リーフティー100g
20210630_2127_Wed,ティーリーフ,try_1,Organic,48,B089XYF3HR,タンブルリーフ シーズン3
20210630_2127_Wed,ティーリーフ,try_1,Organic,49,B001GM7K9K,PEAR OF THE WEST/LEFTY LOOSIE [7 inch Analog]
20210630_2127_Wed,ティーリーフ,try_1,Organic,50,B08D3MF561,KUSMI TEA クスミティー ラブリーモーニング 2.0g x 20個入 (個別包装なし) （個包装なし） オーガニック 有機JAS認証 緑茶 マテ茶 [正規輸入品]
20210630_2127_Wed,ティーリーフ,try_1,Organic,51,B092Z4V5LZ,[メリュエル] 3カラー M~2XL シンプルリーフ柄 アロハシャツ ハワイ風 カジュアル プリントシャツ 総柄 トップス メンズ
20210630_2127_Wed,ティーリーフ,try_1,Organic,52,B08M769P6N,【Amazon.co.jp限定】リプトン ボタニックティー ピュアクレンズ ティーバッグ 30袋
20210630_2127_Wed,ティーリーフ,try_1,Organic,53,B07QMXR9XK,T2 フレンチアールグレイ French Earl Grey 100g リーフ
20210630_2127_Wed,ティーリーフ,try_1,Organic,54,B016MGHG84,ファイン ストロベリー リーフティー100g
20210630_2127_Wed,ティーリーフ,try_1,Organic,55,B00LHBT7L4,HARIO (ハリオ) リーフティー ポット 用 CHEN-70 フタ F-CHEN-70
20210630_2127_Wed,ティーリーフ,try_1,Organic,56,B07GB1HDV3,ソードアート・オンライン Extra Edition(dアニメストア)
20210630_2127_Wed,ティーリーフ,try_1,Organic,57,B088BNH83B,[キャシーマム アイランドスタイル] タオルケット クラシックハワイアンシリーズ ティーリーフ レディース 86108511D ホワイト 140cm×190cm
20210630_2127_Wed,ティーリーフ,try_1,Organic,58,B00ATERPUA,ビリーヴ~アコースティック
20210630_2127_Wed,ティーリーフ,try_1,Organic,59,B00NBEY9QI,トワイニング リーフパック レディグレイ 75g
20210630_2127_Wed,ティーリーフ,try_1,Organic,60,B00DY7ZXDA,ユナイテッドリーフ オーガニックグリーンルイボスティー 2gx25包
20210630_2127_Wed,ティーリーフ,try_1,Organic,61,B07Q1B3JYQ,【Amazon.co.jp 限定】リーフツアラー(REEF TOURER) シュノーケル スノーケリングベスト スリム ホワイト
20210630_2127_Wed,ティーリーフ,try_1,Organic,62,B000V2EWI8,OSK 有機 ルイボスティー 200g
20210630_2127_Wed,ティーリーフ,try_1,Organic,63,B085DPJMT5,LUCKYBEE お茶バッグ 使い捨て空の袋 フィルター濾紙 ティーバッグ 巾着付き 強力な浸透 天然 ルースリーフティー＆コーヒー用 (300枚)
20210630_2127_Wed,ティーリーフ,try_1,Organic,64,B003H7KV8Y,ヨークシャーティーゴールドリーフティー250g
20210630_2127_Wed,ティーリーフ,try_1,Organic,65,B00PZ025GM,TVアニメ「 アブソリュート・デュオ 」EDテーマ「 Believe×Believe / アップルティーの味 / 2/2 」
20210630_2127_Wed,ティーリーフ,try_1,Organic,66,B07PL5Z25R,サー・トーマス・リプトン 6種アソート アルミティーバッグ ×60袋
20210630_2127_Wed,ティーリーフ,try_1,Organic,67,B08VVX52JC,[フォーリーフ] ジョガーパンツ メンズ チノパンツ イージーパンツ スマート スキニー ボトムス
20210630_2127_Wed,ティーリーフ,try_1,Organic,68,B06X6LYGXZ,BOTANIST ボタニスト ボタニカルボディーソープ ライト
20210630_2127_Wed,ティーリーフ,try_1,Organic,69,B0722JFLDJ,HARIO (ハリオ) リーフティポットクリア 700ml CHC-70T
20210630_2127_Wed,ティーリーフ,try_1,Organic,70,B08YDJH6V8,しつこい蓄積にさようならブレンド 40g 残留農薬試験実施済み カキドオシ サラシア マルベリー エルダーフラワー モリンガ メディカルハーブ 薬膳 美容 ダイエット
20210630_2127_Wed,ティーリーフ,try_1,Organic,71,B092YV3DKQ,[メリュエル] 3カラー M~2XL リーフ柄シャツ 総柄 アロハシャツ 半袖 カジュアル ハワイ お洒落シャツ トップス メンズ
20210630_2127_Wed,ティーリーフ,try_1,Organic,72,B002EEKYDI,リーヴ・ディス・タウン
20210630_2127_Wed,ティーリーフ,try_1,Organic,73,B07233D8NH,ユナイテッドリーフ モヒートルイボスティー (2g×25包) 50g デカフェ・ノンカフェイン ティーバッグ
20210630_2127_Wed,ティーリーフ,try_1,Organic,74,B00DY8BFWW,ユナイテッドリーフ あんずルイボスティー 2gx25包
20210630_2127_Wed,ティーリーフ,try_1,Organic,75,B08T72SKSP,Hiitom 100枚 お茶バッグ 使い捨て空の袋フィルター濾紙 ティーバッグ 巾着付き 強力な浸透 天然 ルースリーフティー＆コーヒー用 (6*8cm)
20210630_2127_Wed,ティーリーフ,try_1,Organic,76,B00DY84GUU,ユナイテッドリーフ オレンジミックスルイボスティー 2gx25包
20210630_2127_Wed,ティーリーフ,try_1,Organic,77,B000JSDNMU,ロックン・ロール・バンド
20210630_2127_Wed,ティーリーフ,try_1,Organic,78,B07NBPQX41,メンズ下着 Florrita メンズ 2019 超セクシー 透け感高い 波状のストライプ ローライズボクサーリーフ 三角パンツ 3D立体構造 ｇストリング ニッカーズ 通気性 フィット感 肌着 勝負下着 男性ショーツ インナーパンツ パンティー
20210630_2127_Wed,ティーリーフ,try_1,Organic,79,B00U7F88CA,日東紅茶 アールグレイ紅茶 110g
20210630_2127_Wed,ティーリーフ,try_1,Organic,80,B01HTPMOD4,パートリッジス イングリッシュアフタヌーンティーリーフ(茶葉) 125g 紅茶 Partridges パートリッジ
20210630_2127_Wed,ティーリーフ,try_1,Organic,81,B01LWHZWDO,ラズベリーリーフ ハーブティー オーガニック 50g
20210630_2127_Wed,ティーリーフ,try_1,Organic,82,B08X2PZL36,ティーブティック やすらぎラズベリーリーフティー ハーブミックス 1袋（1.5g×8TB入り） まとめ買い ノンカフェイン ハーブティー ティーバッグ (2個セット)
20210630_2127_Wed,ティーリーフ,try_1,Organic,83,B00DY8JG4Q,ユナイテッドリーフ ローズヒップルイボスティー 3gx20包
20210630_2127_Wed,ティーリーフ,try_1,Organic,84,B01EWHBMD0,Mighty Leaf(マイティーリーフ) カモミール シトラス 15袋 【正規輸入品】
20210630_2127_Wed,ティーリーフ,try_1,Organic,85,B0743CWVJJ,トワイニング 三角バッグリーフティー カップ用 セイロンオレンジペコ 100P
20210630_2127_Wed,ティーリーフ,try_1,Organic,86,B088BDL4M2,[キャシーマム アイランドスタイル] バスタオル クラシックハワイアンシリーズ レディース
20210630_2127_Wed,ティーリーフ,try_1,Organic,87,B007ZHX49U,ビリーヴ~デラックス・エディション(DVD付)
20210630_2127_Wed,ティーリーフ,try_1,Organic,88,B005GNIZR6,授乳中のママブレンド　母乳ハーブティー母乳育児ハーブティー母乳ミルク増加増量　お茶で母乳実感ママ多数　30g
20210630_2127_Wed,ティーリーフ,try_1,Organic,89,B01MXIRL05,ピュアセイロン　リーフティー　５００g　スリランカ産　ピュアブラックティ　コウベグロサーズ
20210630_2127_Wed,ティーリーフ,try_1,Organic,90,B004040CFA,ティーブティック ミニパック ローズマリーリーフ 40g
20210630_2127_Wed,ティーリーフ,try_1,Organic,91,B014KR4GTE,ネトルティー[1.5g×60ティーバッグ] ｜ 農薬検査済 ノンカフェイン 西洋イラクサ ねとる ネトルリーフ ハーブ ハーブティー 茶 ティー ティーパック ティーバック ヴィーナース
20210630_2127_Wed,ティーリーフ,try_1,Organic,92,B078GHDH5N,ラズベリーリーフティー（ブルガリア産・ハーブティー・ノンカフェイン）1.5g×50ティーバッグ入り
20210630_2127_Wed,ティーリーフ,try_1,Organic,93,B0098YZ2PW,【生活の木】ハーブティー(ティーバッグ) 有機ラズベリーリーフ 1.5g×30ヶ入り
20210630_2127_Wed,ティーリーフ,try_1,Organic,94,B002BGHWWU,Lee Francis Presents“COVERS”
20210630_2127_Wed,ティーリーフ,try_1,Organic,95,B01DLQMZ48,[5404] DECAF MOMO ティーバッグ10個 パック入
20210630_2127_Wed,ティーリーフ,try_1,Organic,96,B00EPY35NG,レッドワインリーフティー（赤ぶどう葉茶） (50g) 赤ブドウ葉茶乾燥 レッドグレープリーフティー 赤葡萄葉茶
20210630_2127_Wed,茶葉 紅茶,try_1,Organic,1,B00886FK30,AHMAD TEA ( アーマッドティー ) アールグレイ リーフ 200g [ 英国ブランド ]
20210630_2127_Wed,茶葉 紅茶,try_1,Organic,2,B003ZNL4IQ,AHMAD TEA ( アーマッドティー ) ダージリン 200g 缶 [ 英国ブランド ]
20210630_2127_Wed,茶葉 紅茶,try_1,Organic,3,B00U7F865O,日東紅茶 こく味のある紅茶 135g
20210630_2127_Wed,茶葉 紅茶,try_1,Organic,4,B016MGHG84,ファイン ストロベリー リーフティー100g
20210630_2127_Wed,茶葉 紅茶,try_1,Organic,5,B012RJQSC0,アッサムCTC 紅茶 業務用 チャイ用茶葉 インド産　コウベグロサーズ (500g)
20210630_2127_Wed,茶葉 紅茶,try_1,Organic,6,B017P9EN5G,ひしわ 農薬を使わずに育てたアッサムブレンド紅茶リーフ 100g
20210630_2127_Wed,茶葉 紅茶,try_1,Organic,7,B000KF2R60,トワイニング クオリティ アールグレイ 100g
20210630_2127_Wed,茶葉 紅茶,try_1,Organic,8,B00DPHKJVU,FORTNUM & MASON(フォートナム＆メイソン) アールグレイ クラシック リーフ 缶入り(250ｇ) [並行輸入品]
20210630_2127_Wed,茶葉 紅茶,try_1,Organic,9,B003ZPFCN2,AHMAD TEA ( アーマッドティー ) イングリッシュブレックファースト 200g 缶 [ 英国ブランド ]
20210630_2127_Wed,茶葉 紅茶,try_1,Organic,10,B08K9KC5LC,【Amazon.co.jp限定】 リプトン カフェインレスティー 60袋入 デカフェ・ノンカフェイン ティーバッグ
20210630_2127_Wed,茶葉 紅茶,try_1,Organic,11,B001FB63MM,トワイニング オレンジペコ― 200g
20210630_2127_Wed,茶葉 紅茶,try_1,Organic,12,B001N26WCE,ワールドフーズ マルコポーロ100g[並行輸入] リーフ
20210630_2127_Wed,茶葉 紅茶,try_1,Organic,13,B075L72LV4,リプトン ピュア&シンプルティーバッグ 100袋×3個
20210630_2127_Wed,茶葉 紅茶,try_1,Organic,14,B003ZPKIWC,AHMAD TEA ( アーマッドティー ) イングリッシュティー No.1 200g 缶 [ 英国ブランド ]
20210630_2127_Wed,茶葉 紅茶,try_1,Organic,15,B07GBW5T2N,神戸紅茶【紅茶鑑定士が選ぶ】7種の高級茶葉 28杯分(各４Ｐ×７種)/７種の香り ギフトセット 生紅茶シリーズ
20210630_2127_Wed,茶葉 紅茶,try_1,Organic,16,B004WB649E,リプトン エクストラクオリティ セイロン 110g
20210630_2127_Wed,茶葉 紅茶,try_1,Organic,17,B0036TFXJA,サー・トーマス・リプトン リーフティー アッサム 220g
20210630_2127_Wed,茶葉 紅茶,try_1,Organic,18,B0049E8TN8,リプトン リーフティー エクストラクオリティ ダージリン 白缶 450g
20210630_2127_Wed,茶葉 紅茶,try_1,Organic,19,B00BD40SYU,Janat プロヴァンスシリーズ フルーツティーアソート 40P
20210630_2127_Wed,茶葉 紅茶,try_1,Organic,20,B018AQN12E,神戸スパイス アッサムCTC 500g Assam Tea CTC
20210630_2127_Wed,茶葉 紅茶,try_1,Organic,21,B00NBEY9QI,トワイニング リーフパック レディグレイ 75g
20210630_2127_Wed,茶葉 紅茶,try_1,Organic,22,B06XQ5Z5L7,TWG Tea ｜Royal Darjeeling FTGFOP1（コットンティーバッグ 2.5g×15個入り)
20210630_2127_Wed,茶葉 紅茶,try_1,Organic,23,B00UHHXKE4,ディルマ グルメ アールグレイ ティーバッグ 2g×20P
20210630_2127_Wed,茶葉 紅茶,try_1,Organic,24,B07PL5Z25R,サー・トーマス・リプトン 6種アソート アルミティーバッグ ×60袋
20210630_2127_Wed,茶葉 紅茶,try_1,Organic,25,B07VMSHP45,【Amazon.co.jp限定】 リプトン イエローラベル 120袋 ティーバッグ
20210630_2127_Wed,茶葉 紅茶,try_1,Organic,26,B08NTL7YF5,【Amazon.co.jp限定】 リプトン ロイヤルミルクティー用 アッサムブレンド ティーバッグ 100杯分
20210630_2127_Wed,茶葉 紅茶,try_1,Organic,27,B07B9YCC4K,日東紅茶 水出しアイスティー アールグレイ TB 12袋入×6袋
20210630_2127_Wed,茶葉 紅茶,try_1,Organic,28,B06XGCCM1V,リプトン イエローラベル ティーバッグ 50袋×6箱
20210630_2127_Wed,茶葉 紅茶,try_1,Organic,29,B07N92TDFX,トワイニング アールグレイ セレクションファイブ 50P ティーバッグ
20210630_2127_Wed,茶葉 紅茶,try_1,Organic,30,B01568IJKI,日東紅茶 デイリークラブ 6バラエティーパック 10袋入り×6個
20210630_2127_Wed,茶葉 紅茶,try_1,Organic,31,B08GSK93LF,【セット商品】アーマッドティー デカフェ ティーバッグ アソート 2種 (アールグレイ フルーツセレクション 各2個) 160g デカフェ・ノンカフェイン
20210630_2127_Wed,茶葉 紅茶,try_1,Organic,32,B06VXPKWW2,AHMAD TEA ( アーマッドティー ) フルーツセレクション ティーバッグ 20袋 ×3個 [ アソート : アップル レモン&ライム ピーチ&パッションフルーツ ストロベリー ]
20210630_2127_Wed,茶葉 紅茶,try_1,Organic,33,B088WV5PKR,『不思議の国の紅茶 』リーフ ティー バラエティセット ×4個
20210630_2127_Wed,茶葉 紅茶,try_1,Organic,34,B06XQLVX8F,TWG Tea ｜French Earl Grey（コットンティーバッグ 2.5g×15個入り)
20210630_2127_Wed,茶葉 紅茶,try_1,Organic,35,B003CJE57A,AHMAD TEA ( アーマッドティー ) クラシックセレクション ティーバッグ 20袋 [ アソート : ダージリン アールグレイ イングリッシュブレックファースト イングリッシュティーNo.1 ]
20210630_2127_Wed,茶葉 紅茶,try_1,Organic,36,B00UFDNAPE,サルタージ アッサムCTC Assam Tea Sartaj 500g インドチャイ用の煮出し紅茶茶葉 アッサム असम चाय सरताज
20210630_2127_Wed,茶葉 紅茶,try_1,Organic,37,B002R0FQSM,ロイヤルウォルトン 三角ティーバッグ アッサム 30袋(105g)
20210630_2127_Wed,茶葉 紅茶,try_1,Organic,38,B000VJRP0S,Harney & Sons - クラシック ティー コレクション ホット シナモン スパイス - 20Sachet(s)
20210630_2127_Wed,茶葉 紅茶,try_1,Organic,39,B00HTU54KA,フォートナム&メイソン ブレックファスト ブレンド 紅茶 250g 缶入り
20210630_2127_Wed,茶葉 紅茶,try_1,Organic,40,B008VMEPYG,有機紅茶ウバ 80g
20210630_2127_Wed,茶葉 紅茶,try_1,Organic,41,B003EQ47Z6,Janat(ジャンナッツ) ブラック・シリーズ オリジナル・アールグレイ 200gリーフ缶
20210630_2127_Wed,茶葉 紅茶,try_1,Organic,42,B07216XXJR,エディアール紅茶 HEDIARD アールグレイ 茶葉 125g
20210630_2127_Wed,茶葉 紅茶,try_1,Organic,43,B00OTKU4BC,AHMAD TEA ( アーマッドティー ) アールグレイ ティーバッグ 100袋入り [ 英国ブランド 個包装 ]
20210630_2127_Wed,茶葉 紅茶,try_1,Organic,44,B018XATRMA,AHMAD TEA ( アーマッドティー ) デカフェ アールグレイ ティーバッグ 100袋入り [ カフェインレス タイプ 個包装 ]
20210630_2127_Wed,茶葉 紅茶,try_1,Organic,45,B003XDMTIM,FAUCHON 紅茶アップル(缶入り) 125g
20210630_2127_Wed,茶葉 紅茶,try_1,Organic,46,B01IBTD81Y,フォートナム アンド メイソン FORTNUM AND MASON 紅茶 ティー 茶葉 (アールグレイクラシック　１２５ｇ)
20210630_2127_Wed,茶葉 紅茶,try_1,Organic,47,B01MXIRL05,ピュアセイロン　リーフティー　５００g　スリランカ産　ピュアブラックティ　コウベグロサーズ
20210630_2127_Wed,茶葉 紅茶,try_1,Organic,48,B07VTNMT6B,AHMAD TEA ( アーマッドティー ) チャイ スパイス ティーバッグ 20袋 ×3個 [ 英国ブランド 個包装 ]
20210630_2127_Wed,茶葉 紅茶,try_1,Organic,49,B08R3CW8HY,シンガポールの高級紅茶TWG 「French Earl Grey』フレンチ アールグレイ100g バルクバッグ) - [並行輸入品]
20210630_2127_Wed,茶葉 紅茶,try_1,Organic,50,B088FZKGKK,【モクシャチャイ】レンジ deチャイ カルダモンチャイ アッサム茶葉 CTC 紅茶 ティーバッグ 15包 チャイティー ギフト【香りの王様】 (4. カルダモンチャイ)
20210630_2127_Wed,茶葉 紅茶,try_1,Organic,51,B01LWMYLMQ,トワイニング アールグレイ 50P
20210630_2127_Wed,茶葉 紅茶,try_1,Organic,52,B000KF8E9Y,トワイニング クオリティ アイリッシュブレックファスト 100g
20210630_2127_Wed,茶葉 紅茶,try_1,Organic,53,B08Z3KVJ6M,TEARTH ( ティーアース ) はちみつ紅茶 25包入り 2個セット
20210630_2127_Wed,茶葉 紅茶,try_1,Organic,54,B008VMEN6G,スパイスティー 80g
20210630_2127_Wed,茶葉 紅茶,try_1,Organic,55,B004CZ1UUS,神戸アールティー アッサムCTC 1kg 【500g×2袋】
20210630_2127_Wed,茶葉 紅茶,try_1,Organic,56,B001FB63MW,トワイニング アールグレイ 200g
20210630_2127_Wed,茶葉 紅茶,try_1,Organic,57,B002R0FQSC,ロイヤルウォルトン 三角ティーバッグ ダージリン 30袋(105g)
20210630_2127_Wed,茶葉 紅茶,try_1,Organic,58,B00LFJ5HU8,AHMAD TEA ( アーマッドティー ) イングリッシュティーNo.1 ティーバッグ 100袋入り [ 英国ブランド 個包装 ]
20210630_2127_Wed,茶葉 紅茶,try_1,Organic,59,B01MDO8307,成城石井 アッサム 130g
20210630_2127_Wed,茶葉 紅茶,try_1,Organic,60,B06Y656NDS,菱和園 缶タイプ農薬を使わずに育てた紅茶 100g
20210630_2127_Wed,茶葉 紅茶,try_1,Organic,61,B08DJ2LM3N,有機マサラチャイ紅茶(100g) リーフ
20210630_2127_Wed,茶葉 紅茶,try_1,Organic,62,B00131DKQ6,ひしわ 農薬を使わずに育てた紅茶リーフ 100g
20210630_2127_Wed,茶葉 紅茶,try_1,Organic,63,B06ZZ2JBS8,リプトン コールドブリューバッグ アールグレイ [紅茶 水出し ティーバッグ]×30袋
20210630_2127_Wed,茶葉 紅茶,try_1,Organic,64,B07CCRMHT2,(KUSMI TEA) クスミティー アールグレイ ブレンド ティーバッグ 2.2g×24袋入り(6種類、各4袋入り) [正規輸入品]
20210630_2127_Wed,茶葉 紅茶,try_1,Organic,65,B00K1XHQ80,アバンス セイロン EX-BOP 200g×5個
20210630_2127_Wed,茶葉 紅茶,try_1,Organic,66,B075L18WFL,サー・トーマス・リプトン ダージリンリーフティー 54g×3個
20210630_2127_Wed,茶葉 紅茶,try_1,Organic,67,B07Z35YS2H,マリアージュ フレール 紅茶の贈り物 (セイロンラトナピュラ マルコポーロ NGS1C)
20210630_2127_Wed,茶葉 紅茶,try_1,Organic,68,B01DCZJ1R2,日東紅茶 カフェインレスアールグレイ 20袋入り×2個
20210630_2127_Wed,茶葉 紅茶,try_1,Organic,69,B01DVHBPWU,麻布紅茶 有機アールグレイティー
20210630_2127_Wed,茶葉 紅茶,try_1,Organic,70,B07QMXRVJF,T2 メルボルンブレックファーストMelbourne Breakfast 100g リーフ
20210630_2127_Wed,茶葉 紅茶,try_1,Organic,71,B000KF6QNU,トワイニング クオリティ レディグレイ 100g
20210630_2127_Wed,茶葉 紅茶,try_1,Organic,72,B089K5ZW99,TWG Tea ｜Golden Earl Grey（オートクチュール缶 茶葉100g入り)
20210630_2127_Wed,茶葉 紅茶,try_1,Organic,73,B01NCHEDWQ,富永貿易 BPL セイロンティーガーデンズ フルーツセレクション ティーバック 100袋 [ 自社農園 ディンブラ茶葉 100% レインフォレスト･アライアンス認証 ] 200g ×2個 ティーバッグ
20210630_2127_Wed,茶葉 紅茶,try_1,Organic,74,B07NFHLKTD,AGF ブレンディ スティック 紅茶オレ 100本 【 ミルクティー 】
20210630_2127_Wed,茶葉 紅茶,try_1,Organic,75,B00IKJ32SU,Harrods(ハロッズ) No.14 イングリッシュ ブレックファスト リーフ 茶葉 125g [並行輸入品]
20210630_2127_Wed,茶葉 紅茶,try_1,Organic,76,B017ERYMVO,【JT モルゲンタウ】 ロンネフェルト 認定店 紅茶 ギフト 茶葉 ブランド 高級 新発売 新製品
20210630_2127_Wed,茶葉 紅茶,try_1,Organic,77,B002R0FQS2,ロイヤルウォルトン 三角ティーバッグ ウバ 30袋(105g)
20210630_2127_Wed,茶葉 紅茶,try_1,Organic,78,B081Z261VB,菱和園 農薬を使わず育てた紅茶ティーバッグ 50袋 ×2個
20210630_2127_Wed,茶葉 紅茶,try_1,Organic,79,B08G4TZZM3,リプトン キープ&チャージ リフレッシュ アールグレイ ティーバッグ 10袋入 ×6袋
20210630_2127_Wed,茶葉 紅茶,try_1,Organic,80,B07FV9M83W,プチギフト・紅茶お試しセット/ダージリン/アッサム/アールグレイ/ももりんご ティーバッグ 7包 最高級品質 TEA MOTIVATION
20210630_2127_Wed,茶葉 紅茶,try_1,Organic,81,B07T9C93FJ,AHMAD TEA ( アーマッドティー ) コールドブリュー レモン&ライム ティーバッグ 20袋 ×2個 [ 英国ブランド 水出し紅茶 個包装 ]
20210630_2127_Wed,茶葉 紅茶,try_1,Organic,82,B004YKTCG0,アッサム紅茶・茶葉　(400ｇ)【200g×2】
20210630_2127_Wed,茶葉 紅茶,try_1,Organic,83,B0070Q8RQQ,ロンネフェルト　紅茶　アイリッシュモルト【100g袋】
20210630_2127_Wed,茶葉 紅茶,try_1,Organic,84,B08G4YF4M4,三井農林 日東紅茶 水出しアイスティーアールグレイ TB 100袋入り ティーバッグ
20210630_2127_Wed,茶葉 紅茶,try_1,Organic,85,B004S0M82G,アソーレスの紅茶 オレンジペコー 茶葉100g
20210630_2127_Wed,茶葉 紅茶,try_1,Organic,86,B00PQ4Y114,トワイニング ダージリン 245g 業務用 アルミ袋 紅茶 イギリス王室御用達
20210630_2127_Wed,茶葉 紅茶,try_1,Organic,87,B00Q22Q6BW,ワールドフーズ マリアージュフレール アールグレイインペリアル 100ｇ「ヘイコウユニュウ」 リーフ
20210630_2127_Wed,茶葉 紅茶,try_1,Organic,88,B00JQHJ7D4,Harrods(ハロッズ) No.42 アールグレイ リーフ 茶葉 125g 英国 紅茶 / Earl Grey No.42 Loose Leaf Tea (125g) [並行輸入品]
20210630_2127_Wed,茶葉 紅茶,try_1,Organic,89,B07FM6YR9J,プレミアムウーバ紅茶(茶葉) / Premium Uva Tea 無農薬・カフェインレス
20210630_2127_Wed,茶葉 紅茶,try_1,Organic,90,B0757MDBFM,TWG Tea ｜French Earl Grey（オートクチュール缶 茶葉100g入り)
20210630_2127_Wed,茶葉 紅茶,try_1,Organic,91,B08P5299PW,えいこく屋 オモロス ドライフルーツティーセット 紅茶 無添加 日本産 (ギフトパッケージ8個入)
20210630_2127_Wed,茶葉 紅茶,try_1,Organic,92,B089K66BWT,TWG Tea ｜Classic Teabag Selection（コットンティーバッグ 2.5g×15個入り)
20210630_2127_Wed,茶葉 紅茶,try_1,Organic,93,B019PXPRXC,神戸紅茶 No.18 イングリッシュブレックファスト 250g
20210630_2127_Wed,茶葉 紅茶,try_1,Organic,94,B07PMG8HGN,【Amazon.co.jp限定】 トワイニング ザ・ベストファイブ 50P ティーバッグ
20210630_2127_Wed,茶葉 紅茶,try_1,Organic,95,B087YQB7P7,Premium Ceylon Tea/プレミアムセイロン紅茶 (三角ティーバック) 無農薬・カフェインレス / 最高級茶葉・天然素材使用のスリランカ大統領府、在日本スリランカ大使館ご用達 本場スリランカのプレミアムブランド
20210630_2127_Wed,茶葉 紅茶,try_1,Organic,96,B078MXXX3G,TWG Tea ｜Singapore Breakfast Tea（オートクチュール缶 茶葉100g入り)