2021_0303_2001_Wed,シャンプー,try_1,SBA,1,None,
2021_0303_2001_Wed,シャンプー,try_1,SBA,2,None,シャンプー ＆ トリートメント 【 無添加 天然由来洗浄 】 オルナ オーガニック…
2021_0303_2001_Wed,シャンプー,try_1,SBA,3,None,
2021_0303_2001_Wed,コンディショナー,try_1,SBA,1,None,
2021_0303_2001_Wed,コンディショナー,try_1,SBA,2,None,6種のボタニカル成分＆アミノ酸配合。アロマな香りで幸せおふろ時間
2021_0303_2001_Wed,コンディショナー,try_1,SBA,3,B073P6Y9T9,
2021_0303_2001_Wed,コンディショナー,try_1,SBA,4,B08LWD27DH,ラックス プレミアム ボタニフィーク ダメージリペア シャンプー ポンプ 510g
2021_0303_2001_Wed,コンディショナー,try_1,SBA,5,B076WS4KDR,
2021_0303_2001_Wed,コンディショナー,try_1,SBA,6,None,【Amazon.co.jp限定】 LUX(ラックス) プレミアム ボタニフィーク ダメージリペア シャン…
2021_0303_2001_Wed,コンディショナー,try_1,SBA,7,None,
2021_0303_2001_Wed,コンディショナー,try_1,SBA,8,None,ラックス プレミアム ボタニフィーク トリートメント ダメージリペア インテンシブオイル (…
2021_0303_2001_Wed,コンディショナー,try_1,SBA,9,None,
2021_0303_2001_Wed,コンディショナー,try_1,SBA,10,None,おすすめ記事
2021_0303_2001_Wed,コンディショナー,try_1,SBA,11,None,
2021_0303_2001_Wed,コンディショナー,try_1,SBA,12,None,コンディショナーはシャンプー後に髪を保護してくれる大事なヘアケアアイテム。毎日使う使用頻度が高いアイテムのためこだわって選びたいですよね。今回は、そんなコンディショナーのおすすめ人気ランキングを紹介します。
2021_0303_2001_Wed,コンディショナー,try_1,SBA,13,None,
2021_0303_2001_Wed,コンディショナー,try_1,SBA,14,None,ダストシールド技術でホコリや汚れから髪を保護
2021_0303_2001_Wed,コンディショナー,try_1,SBA,15,None,
2021_0303_2001_Wed,コンディショナー,try_1,SBA,16,None,ホコリや花粉などの汚れから髪を保護するダストシールド技術で、サラサラ髪が長続きします。弱酸性で頭髪や毛髪にも優しく、指通り滑らかなサラサラの仕…
2021_0303_2001_Wed,コンディショナー,try_1,SBA,17,None,
2021_0303_2001_Wed,コンディショナー,try_1,SBA,18,None,パサつきやごわつきが気になる髪を集中補修
2021_0303_2001_Wed,コンディショナー,try_1,SBA,19,None,
2021_0303_2001_Wed,コンディショナー,try_1,SBA,20,None,髪のダメージによってパサつきやごわつきがきになる髪もしっとりまとまる髪へ。高浸透カプセルを配合し、毛髪のケアをサポートします。さらにキューテ…
2021_0303_2001_Wed,コンディショナー,try_1,SBA,21,None,
2021_0303_2001_Wed,コンディショナー,try_1,SBA,22,None,しっかり保湿で傷みにくい髪へ
2021_0303_2001_Wed,コンディショナー,try_1,SBA,23,None,
2021_0303_2001_Wed,コンディショナー,try_1,SBA,24,None,洗うたびにしっかり保湿し、ダメージを補修するため、傷みにくい髪へ導きます。髪と地肌の両方をしっかり保湿、パサつきや広がりが気になるヘアの補修…
2021_0303_2001_Wed,コンディショナー,try_1,SBA,25,None,
2021_0303_2001_Wed,コンディショナー,try_1,SBA,26,None,
2021_0303_2001_Wed,コンディショナー,try_1,SBA,27,None,
2021_0303_2001_Wed,コンディショナー,try_1,SBA,28,None,
2021_0303_2001_Wed,ボディソープ,try_1,SBA,1,None,
2021_0303_2001_Wed,ボディソープ,try_1,SBA,2,None,ふわふわな泡立ちで肌もしっとり。子どもも安心の自然な香り
2021_0303_2001_Wed,ボディソープ,try_1,SBA,3,B085DXTKFW,
2021_0303_2001_Wed,ボディソープ,try_1,SBA,4,B086B5FK3G,【Amazon.co.jp限定】 Dove(ダヴ) 【大容量】ボディソープ(ボディウォッシュ) プレミ…
2021_0303_2001_Wed,ボディソープ,try_1,SBA,5,B08LWCNZ4L,
2021_0303_2001_Wed,ボディウォッシュ,try_1,SBA,1,None,
2021_0303_2001_Wed,ボディウォッシュ,try_1,SBA,2,None,ふわふわな泡立ちで肌もしっとり。子どもも安心の自然な香り
2021_0303_2001_Wed,ボディウォッシュ,try_1,SBA,3,B085DXTKFW,
2021_0303_2001_Wed,ボディウォッシュ,try_1,SBA,4,B086B5FK3G,【Amazon.co.jp限定】 Dove(ダヴ) 【大容量】ボディソープ(ボディウォッシュ) プレミ…
2021_0303_2001_Wed,ボディウォッシュ,try_1,SBA,5,B08LWCNZ4L,