20210302PM,シャンプー,try_1,Organic,1,B08H837KVQ,ザ パブリック オーガニック シャンプー & トリートメント ベストコスメ 本体ボトル セット スーパーバウンシー 480mL + 480mL
20210302PM,シャンプー,try_1,Organic,2,B084Q5L3X4,【2021年モデル】Nile 濃密泡スカルプシャンプー メンズ アミノ酸シャンプー ノンシリコン リンス成分配合
20210302PM,シャンプー,try_1,Organic,3,B08DCW3JZH,【セット】BOTANIST(ボタニスト) ボタニカルシャンプー490ml&トリートメント490g （モイスト）
20210302PM,シャンプー,try_1,Organic,4,B073W1637L,シャンプー ＆ トリートメント 【 無添加 天然由来洗浄 】 オルナ オーガニック ボタニカル ノンシリコンシャンプー / ボタニカル トリートメント 500ml&500ml ヒアルロン酸 コラーゲン ビタミンC誘導体 スムース ヘアケアギフトセット
20210302PM,シャンプー,try_1,Organic,5,B07GRT7JQ7,シャンプー&トリートメント [ダメージ補修] フローラル&ベリーの香り パーフェクトビューティ エクストラダメージリペア セット 450ml×2
20210302PM,シャンプー,try_1,Organic,6,B08BQY8XKY,ヘアザプロテイン モイスト シャンプー 460mL + トリートメント 460mL セット
20210302PM,シャンプー,try_1,Organic,7,B08HHJZSYF,Nile 超濃密泡シャンプー メンズ 濃厚ジェル アミノ酸 スカルプケア トラベルセット (250ｍⅬ)
20210302PM,シャンプー,try_1,Organic,8,B07Q2G3SJZ,[医薬部外品] アンファー (ANGFA) スカルプD シャンプー オイリー 脂性肌用 男のスカルプD 薬用シャンプー スカルプシャンプー ふけ かゆみ アミノ酸 ノンシリコン サルフェートフリー 男性用 薬用 350ml 2019年リニューアル
20210302PM,シャンプー,try_1,Organic,9,B08TCFK9SP,デオコ スカルプケア シャンプー スウィートフローラル 350mL
20210302PM,シャンプー,try_1,Organic,10,B01BEQUXC8,【まとめ買い】オクト シャンプー (医薬部外品) 320ml×2個セット
20210302PM,シャンプー,try_1,Organic,11,B082KLDPBX,シャンプー トリートメント ボトル セット 【 卵殻膜 アミノ酸 配合 の アミノ酸シャンプー 】 「 パラペンフリー 鉱物油フリー 着色剤フリー の 無添加シャンプー 」 NALOW ナロウ ディープ モイスト タイプ スムース タイプ 490ml+490g (NALOWディープモイストシャンプー＆トリートメント)
20210302PM,シャンプー,try_1,Organic,12,B08R37TFB6,シャンプー トリートメント 詰め替え セット 【 卵殻膜 アミノ酸 配合 の アミノ酸シャンプー 】 「 パラペンフリー 鉱物油フリー 着色剤フリー の 無添加シャンプー 」 NALOW ナロウ ディープ モイスト 詰め替え用 450ml+450g
20210302PM,シャンプー,try_1,Organic,13,B08SD1QS9J,BOTANIST(ボタニスト) BOTANIST ボタニカルスプリングシャンプー モイスト21 490mL
20210302PM,シャンプー,try_1,Organic,14,B07HRSMSWQ,【大容量】パンテーン シャンプー エクストラダメージケア 詰め替え 超特大 2200mL
20210302PM,シャンプー,try_1,Organic,15,B08881D962,MISTON 炭酸シャンプー クリアプレシャス スカルプフォーム メンズ 大容量モデル 320g
20210302PM,シャンプー,try_1,Organic,16,B08R636FVV,サクセス 24 【まとめ買い】 クレンジング シャンプー 350ml & スカルプ コンディショナー 350ml 〈 みずみずしいフルーティフローラルの香り 〉 + ヒゲを剃りやすくする朝の洗顔シート 20枚入 付き セット 350ml+350ml+20枚
20210302PM,シャンプー,try_1,Organic,17,B08GFR6FF6,Natuarc ナチュアーク シャンプー ＆ トリートメント セット オーガニック ボタニカル 弱酸性 ノンシリコンシャンプー/ボタニカル トリートメント アミノ酸 配合 【 無添加 天然由来 】500ml&500ml
20210302PM,シャンプー,try_1,Organic,18,B08S3VR6SJ,andand(アンドアンド) シャンプー 〔楽しく〕スパークリングシトラスの香り 480ml & トリートメント 〔またたく〕 プレシャスピーチの香り 480ml ポンプペア セット 480ml+480ml
20210302PM,シャンプー,try_1,Organic,19,B002TEXCGO,コラージュフルフル ネクストシャンプー すっきりさらさらタイプ 400mL (医薬部外品)
20210302PM,シャンプー,try_1,Organic,20,B089WSBTYD,【Amazon.co.jp限定】 Dove(ダヴ) 【大容量】モイスチャーケア シャンプー 詰替え用 超特大 2000g
20210302PM,シャンプー,try_1,Organic,21,B08LWB1J3L,【Amazon.co.jp限定】 CLEAR(クリア) フォーメン トータルケア スカルプ シャンプー つめかえ用 詰め替え3.4回分
20210302PM,シャンプー,try_1,Organic,22,B08J3VP5X9,シャンプー & トリートメント 詰め替え シンスボーテ ヘアケアセット 350ml アミノ酸シャンプー 無添加 オーガニック つめかえ
20210302PM,シャンプー,try_1,Organic,23,B08D87SCX6,ISM　シャンプー&トリートメント　セット　ココナッツアンバー　各490ml
20210302PM,シャンプー,try_1,Organic,24,B07VK3GZ7W,シャンプー ヘアケア セット シンスボーテ オーガニック 400ml 無添加 アミノ酸 美容室専売品 ギフト
20210302PM,シャンプー,try_1,Organic,25,B07JKTFXHV,バルクオム THE SHAMPOO(ザ シャンプー)200g【アミノ酸系/ノンシリコン】
20210302PM,シャンプー,try_1,Organic,26,B0784873P1,シャンプー 詰め替え ＆ トリートメント 詰め替え セット 【 無添加 天然由来洗浄 】 オルナ オーガニック ノンシリコン ボタニカルシャンプー ＆ トリートメント 400ml&400ml ヒアルロン酸 コラーゲン ビタミンC誘導体 セラミド 配合 (スムース)
20210302PM,シャンプー,try_1,Organic,27,B08M325Y5J,ヘアレシピ和の実 ふわふわ ギフトパック(トートバック付) シャンプー セット 350ml+350g
20210302PM,シャンプー,try_1,Organic,28,B08M2RJJZR,ヘアレシピ和の実 つるん ギフトパック(トートバック付) シャンプー セット 350ml+350g
20210302PM,シャンプー,try_1,Organic,29,B08F1X8XCL,【限定販売】REDEN HYBRID SHAMPOO R2(リデン ハイブリッドシャンプー R2)500ml マリンムスクの香り
20210302PM,シャンプー,try_1,Organic,30,B089Z7SC3G,【Amazon.co.jp限定】 メディクイックH 【医薬部外品】メディカルシャンプー 2個+おまけつき セット 320mLX2
20210302PM,シャンプー,try_1,Organic,31,B004LVD4UC,コラージュフルフル ネクストシャンプー うるおいなめらかタイプ (つめかえ用) 280mL (医薬部外品)
20210302PM,シャンプー,try_1,Organic,32,B08D6T7GXW,ISM　シャンプー&トリートメント　セット　シェルピンク　各490ml
20210302PM,シャンプー,try_1,Organic,33,B00A8UQQWI,ナプラ リラベール CMCシャンプー 1000ml & CMCヘアマスク 1000gセット【ポンプ】 napla
20210302PM,シャンプー,try_1,Organic,34,B07PZFGFTJ,[医薬部外品] アンファー (ANGFA) スカルプD シャンプー ドライ 乾燥肌用 男のスカルプD 薬用シャンプー スカルプシャンプー [ふけ] [かゆみ] [アミノ酸] [ノンシリコン] [サルフェートフリー] 男性用 薬用 350ml 【2019年リニューアル】
20210302PM,シャンプー,try_1,Organic,35,B08D6T5QTP,ISM　シャンプー&トリートメント　セット　モアナブルー　各490ml
20210302PM,シャンプー,try_1,Organic,36,B071FN6T2D,シャンプー 「 無添加 ノンシリコン 天然由来 」 オルナ オーガニック 無香料 でボタニカルな香り「コラーゲン ヒアルロン酸 ビタミンC誘導体 セラミド 配合」500ml (シャンプー ポンプ) (スムース)
20210302PM,シャンプー,try_1,Organic,37,B012AJJNJM,BOTANIST ボタニカルシャンプー モイスト (詰め替えパウチ) 440ml
20210302PM,シャンプー,try_1,Organic,38,B00PN9GQ6U,資生堂 フェンテフォルテ シャンプー トリートメント 500サイズ セット
20210302PM,シャンプー,try_1,Organic,39,B08KQC8TGG,PYUAN(ピュアン) デトクレンズ シャンプー & チャージビューティ トリートメント なめらかリッチ ポンプペア 500ml+500ml 〔根元ベタつく 毛先パサつく 混合頭髪 のためのヘアケアシリーズ〕 プラム&カメリアの香り セット
20210302PM,シャンプー,try_1,Organic,40,B07JF5X414,自然由来成分95% スーパーフードラボ 【 スカルプ オイル 】【しっとり】 シャンプー ＆ トリートメント リフィル セット(各400ml) SUPERFOOD LAB ノンシリコン ノンパラベン ビオチン配合 うるおい 無添加 SFL
20210302PM,シャンプー,try_1,Organic,41,B01KHBYK0W,[医薬部外品] アンファー (ANGFA) スカルプD オイリー 2点セット (シャンプー ＆ コンディショナー) 脂性肌用 男のスカルプD 薬用シャンプー スカルプシャンプー ふけ かゆみ ノンシリコン 男性用 薬用 350ml 2019年リニューアル
20210302PM,シャンプー,try_1,Organic,42,B08BKD22KK,養毛シャンプー 白髪 薄毛 発毛 対策 Creme de Ann(クレムドアン) (ブラックシャンプー)
20210302PM,シャンプー,try_1,Organic,43,B00DE9Y0Q4,&GINO 頭皮ケアシャンプー プレミアムブラックシャンプー 400ml【 頭皮ケア スカルプ シャンプー 男性用 メンズ 】
20210302PM,シャンプー,try_1,Organic,44,B08M2RXM52,ヘアレシピ和の実 しっとり ギフトパック(トートバック付) シャンプー セット 350ml+350g
20210302PM,シャンプー,try_1,Organic,45,B00UH9X0YW,シュワルツコフ サロンオンリー シャンプー 1000ml + コンディショナー 1000g セット (詰替用レフィル)
20210302PM,シャンプー,try_1,Organic,46,B07997SN39,TSUBAKI(ツバキ) 【大容量】 しっとりまとまる シャンプー 詰め替え つめかえ用 660mL 660ml
20210302PM,シャンプー,try_1,Organic,47,B07N78KNQS,【詰め替えセット】 BOTANIST ボタニスト ボタニカルシャンプー 440mL & ボタニカルトリートメント 440g スムース
20210302PM,シャンプー,try_1,Organic,48,B005J31LO2,大塚製薬 UL・OS(ウル・オス) 薬用スカルプシャンプー 詰め替え用 420mL
20210302PM,コンディショナー,try_1,Organic,1,B086N21Q8Q,John's Blend(ジョンズブレンド) コンディショナー モイストタイプ OA-JON-32-1 トリートメント ホワイトムスク 460g
20210302PM,コンディショナー,try_1,Organic,2,B07YY59J22,【セット販売】 パンテーン トリートメントコンディショナー エクストラダメージケア 詰替用 超特大サイズ【 1.7kg×2個セット】
20210302PM,コンディショナー,try_1,Organic,3,B077PTNJ29,【 トリートメント 詰め替え (コンディショナー)】 オルナ オーガニック 無添加 ボタニカルな香り「コラーゲン ヒアルロン酸 ビタミンC誘導体 セラミド 配合」400ml (詰め替え用) (スムース)
20210302PM,コンディショナー,try_1,Organic,4,B01ID7674Y,パンテーン 洗い流すトリートメント エクストラダメージケア デイリー補修トリートメント 特大サイズ 300g
20210302PM,コンディショナー,try_1,Organic,5,B07TSCQK9N,いち髪 濃密W保湿ケア コンディショナー 詰替用2回分 680g
20210302PM,コンディショナー,try_1,Organic,6,B07NPPH835,ハーバルエッセンス コンディショナー ビオリニュー モロッカンオイル 本体 400g
20210302PM,コンディショナー,try_1,Organic,7,B07ND3V18T,ディアボーテ オイルインコンディショナー(リッチ&リペア)詰替用360g
20210302PM,コンディショナー,try_1,Organic,8,B089WRMPCH,【Amazon.co.jp限定】 Dove(ダヴ) 【大容量】モイスチャーケア コンディショナー トリートメント 詰替え用 超特大 2000g
20210302PM,コンディショナー,try_1,Organic,9,B072JGJ4KS,オルナ オーガニック トリートメント (コンディショナー) ボタニカルな香り「コラーゲン ヒアルロン酸 ビタミンC誘導体 セラミド 配合」500ml (トリートメント ボトル) (スムース)
20210302PM,コンディショナー,try_1,Organic,10,B01J5COMIO,【大容量】 Dove ダヴ ダメージケア コンディショナー つめかえ用 1kg
20210302PM,コンディショナー,try_1,Organic,11,B07N75XVW8,CLEAR(クリア) トータルケア スカルプコンディショナー 詰替え用 詰め替え2回分
20210302PM,コンディショナー,try_1,Organic,12,B086TBY1HH,【Amazon.co.jp限定】 ラックススーパーリッチシャイン 【大容量】ダメージリペア 補修 コンディショナー トリートメント 詰替え用 超特大 2000g
20210302PM,コンディショナー,try_1,Organic,13,B07FTZX1RF,ジョンマスターオーガニック L&Aコンディショナー N 236mL
20210302PM,コンディショナー,try_1,Organic,14,B08VXR2RJT,KOSE コーセー ジュレーム リラックス ヘアコンディショナー (エアリー&スムース) つめかえ 360mL ねこっ毛・からまる髪をふんわりなめらかに トリートメント フローラルハニーの香り 詰替え用
20210302PM,コンディショナー,try_1,Organic,15,B07HRWBSTZ,【大容量】パンテーン コンディショナー エクストラダメージケア トリートメントコンディショナー 詰め替え 超特大 2000g
20210302PM,コンディショナー,try_1,Organic,16,B074G35PXX,パンテーン コンディショナー エクストラダメージケア トリートメントコンディショナー 詰め替え 超特大 860g
20210302PM,コンディショナー,try_1,Organic,17,B07XC4YDHK,ラックスルミニーク ダメージリペア トリートメント つめかえ用 1kg
20210302PM,コンディショナー,try_1,Organic,18,B07TVNS9Y1,キュレル コンディショナー つめかえ用 340ml 弱酸性 ・ 無香料 ・ 無着色
20210302PM,コンディショナー,try_1,Organic,19,B07PGMN7R9,STEPHEN KNOLL(スティーブン ノル) モイスチュアコントロール コンディショナー トリートメント 本体
20210302PM,コンディショナー,try_1,Organic,20,B07HS21PTP,【大容量】h&s(エイチアンドエス) コンディショナー モイスチャー 詰め替え 超特大 2200g
20210302PM,コンディショナー,try_1,Organic,21,B06WP7S1ZQ,MARO17(マーロ17) コラーゲン スカルプ コンディショナー メンズ 350ml
20210302PM,コンディショナー,try_1,Organic,22,B08LWBZCJ8,【Amazon.co.jp限定】 LUX(ラックス) バイオフュージョン ダメージディフェンス コンディショナー つめかえ用 トリートメント 詰め替え2個分
20210302PM,コンディショナー,try_1,Organic,23,B0132TF4XI,第一三共ヘルスケア ミノン薬用コンディショナー 380ｍL(詰替用)
20210302PM,コンディショナー,try_1,Organic,24,B07XRQRH9R,U-MA ウーマ コンディショナープレミアム ボリュームアップコンディショナー 300ml スカルプ トリートメント メンズ 【 ふけ かゆみ ノンシリコン 乾燥 男性用 ヘアケア 頭皮ケア 】 パサつき ゴワつき
20210302PM,コンディショナー,try_1,Organic,25,B08TCDMT29,デオコ スカルプケア コンディショナー つめかえ用 トリートメント スウィートフローラル 285g
20210302PM,コンディショナー,try_1,Organic,26,B0847RZDLJ,TSUBAKI(ツバキ) プレミアムリペア ヘアコンディショナー ボトル つめかえ 1000mL
20210302PM,コンディショナー,try_1,Organic,27,B07CNNSFCP,[Amazonブランド]SOLIMO スカルプD スカルプパックコンディショナー 350ml
20210302PM,コンディショナー,try_1,Organic,28,B087D9Q6WD,ORBIS(オルビス) リリースバイタッチ コンディショナー ボトル入り 480g トリートメント 本体
20210302PM,コンディショナー,try_1,Organic,29,B08HSGV4H9,【まとめ買い】 スーパーマイルド(SUPER MiLD) コンディショナー 詰替用 トリートメント 1L×3個
20210302PM,コンディショナー,try_1,Organic,30,B085HJRWVB,リーフ&ボタニクス コンディショナー ラベンダー 400mL トリートメント 本体 400ｍL
20210302PM,コンディショナー,try_1,Organic,31,B07FFRTS74,h&s PRO (エイチアンドエス プロ) メンズ コンディショナー エナジー 詰め替え (ボリューム重視) 300g
20210302PM,コンディショナー,try_1,Organic,32,B084KMHWYB,レベナ オーガニックトリートメント 500g しっとり高保湿 ボタニカル スカルプ アミノ酸 天然由来 無添加 セラミド 植物幹細胞 配合
20210302PM,コンディショナー,try_1,Organic,33,B079HY33Z9,【Amazon.co.jp限定】 PRO TEC(プロテク) 頭皮ストレッチ コンディショナー 詰替え用 230g×3個+デオドラントソープ1回分おまけ付
20210302PM,コンディショナー,try_1,Organic,34,B08LW8H943,【Amazon.co.jp限定】 ラックススーパーリッチシャイン モイスチャー コンディショナー つめかえ用 トリートメント 詰め替え5.2個分
20210302PM,コンディショナー,try_1,Organic,35,B08TCFZYD6,デオコ スカルプケア コンディショナー トリートメント スウィートフローラル 350g
20210302PM,コンディショナー,try_1,Organic,36,B07FMPBNP1,【大容量】 エッセンシャル ふんわりうるツヤ コンディショナー つめかえ用 1080ml
20210302PM,コンディショナー,try_1,Organic,37,B07TD36C9W,ラックス スーパーリッチシャイン モイスチャー 保湿コンディショナー つめかえ用 1000g
20210302PM,コンディショナー,try_1,Organic,38,B013FIYC48,第一三共ヘルスケア ミノン薬用コンディショナー 450ｍL
20210302PM,コンディショナー,try_1,Organic,39,B078Y93B8K,ルシード 薬用ヘア&スカルプコンディショナー 450g(医薬部外品)
20210302PM,コンディショナー,try_1,Organic,40,B07B5BD4SD,【大容量】メリット コンディショナー つめかえ用 1200ml [医薬部外品]
20210302PM,コンディショナー,try_1,Organic,41,B07FKS3F7Y,【大容量】 エッセンシャル しっとりまとまる コンディショナー つめかえ用 1080ml
20210302PM,コンディショナー,try_1,Organic,42,B07TFH57MT,ハーバルリーフ オーガニックコンディショナー しっとり 潤い 高保湿 無添加 シア脂ノンシリコン 天然由来 敏感肌 頭皮ケア 300ml 日本製
20210302PM,コンディショナー,try_1,Organic,43,B00NAY2D76,MARO 薬用 デオスカルプ トリートメント 詰め替え 400ml 【医薬部外品】
20210302PM,コンディショナー,try_1,Organic,44,B00XXGCA3S,【大容量】ハーバルエッセンス コンディショナー なめらかスムース 詰め替え 2000g
20210302PM,コンディショナー,try_1,Organic,45,B07N7B3X5L,クリア モイスト スカルプコンディショナーつめかえ600G
20210302PM,コンディショナー,try_1,Organic,46,B08CBPHW1H,h&s for men(エイチアンドエスフォーメン) コンディショナー ボリュームアップ 詰め替え 超特大 900g トリートメント
20210302PM,コンディショナー,try_1,Organic,47,B07B47C5C7,(医薬部外品)オクトセラピエ(serapie)薬用スキンケアコンディショナー 230ml×2個
20210302PM,コンディショナー,try_1,Organic,48,B089BGFF25,LUX(ラックス) スーパーリッチシャイン ボタニカルシャイン コンディショナー トリートメント 430g
20210302PM,ボディソープ,try_1,Organic,1,B077Z81S3J,REDEN BODY SOAP(リデン ボディーソープ)500ml
20210302PM,ボディソープ,try_1,Organic,2,B07PGMWH7Z,【大容量】バウンシアボディソープ 詰替用1240mL
20210302PM,ボディソープ,try_1,Organic,3,B01MXLWL0H,BOTANIST ボタニスト ボタニカルボディーソープ (モイスト(ローズ&ホワイトピーチ))
20210302PM,ボディソープ,try_1,Organic,4,B0743GXHY6,【大容量】ビオレu つめかえ用4回分 1350ml
20210302PM,ボディソープ,try_1,Organic,5,B085DXTKFW,【Amazon.co.jp限定】 Dove(ダヴ) 【大容量】ボディソープ(ボディウォッシュ) プレミアム モイスチャーケア 詰替え用 超特大 2800g
20210302PM,ボディソープ,try_1,Organic,6,B08KJ64W79,【まとめ買い】 ニベア クリームケア ボディウォッシュ ヨーロピアンホワイトソープの香り つめかえ用 360ml×4個パック W濃厚保湿 ボディソープ
20210302PM,ボディソープ,try_1,Organic,7,B077ZCCC1J,【大容量】ミルキィ ボディソープ やさしいせっけんの香り つめかえ用 2000ml 220mm×110mm×315mm
20210302PM,ボディソープ,try_1,Organic,8,B079LFC4PZ,【医薬部外品】ロート製薬 デオコ 薬用デオドラント ボディクレンズ 350mL
20210302PM,ボディソープ,try_1,Organic,9,B078K4XDBY,ザ パブリック オーガニック スーパー リフレッシュ ボディソープ 本体ボトル 480mL
20210302PM,ボディソープ,try_1,Organic,10,B08NTJGYR1,REDEN(リデン) REDEN BODY SOAP(リデン ボディーソープ) 詰め替え 400ml マリンムスクの香り ボディソープ W130mm✕D41mm ✕ H220mm
20210302PM,ボディソープ,try_1,Organic,11,B07CS2YKS3,Mellsavon(メルサボン) メルサボン ボディウォッシュ フローラルハーブ 460mL ボディソープ
20210302PM,ボディソープ,try_1,Organic,12,B08DTPC2LZ,Dove(ダヴ) ボディソープ(ボディウォッシュ) プレミアム モイスチャーケア 詰替え用 360g×4個セット
20210302PM,ボディソープ,try_1,Organic,13,B08N5YYS3L,【Amazon.co.jp限定】 Dove MEN(ダヴメン) +ケア ボディウォッシュ クリーンコンフォート 詰替え用 320g×4 おまけ付き
20210302PM,ボディソープ,try_1,Organic,14,B000FQN8LM,カウブランド 無添加 ボディソープ 550ml
20210302PM,ボディソープ,try_1,Organic,15,B08G5R2D6Z,MOLTON BROWN(モルトンブラウン) ストッキングフィラー コレクション ボディソープ セット 50ml×10
20210302PM,ボディソープ,try_1,Organic,16,B086QT4JKT,[Amazon限定ブランド]【医薬部外品】薬用 柿渋ボディソープ 大容量 詰替え用 1400ml
20210302PM,ボディソープ,try_1,Organic,17,B07M89BMCT,バウンシア ボディソープ ポンプ付 500mL
20210302PM,ボディソープ,try_1,Organic,18,B07CS6SC75,カウブランド 無添加ボディソープ 詰替え 400ml×3
20210302PM,ボディソープ,try_1,Organic,19,B08DRHF678,ケアセラ(CareCera) 泡の高保湿ボディウォッシュ つめかえ用 ボディソープ ピュアフローラルの香り 385ml(10% 増量)
20210302PM,ボディソープ,try_1,Organic,20,B08H5T1R2T,デ・オウ 【医薬部外品】薬用クレンジング 徹底洗浄ボディウォッシュ 詰替用 特大 ボディソープ 930mL
20210302PM,ボディソープ,try_1,Organic,21,B086QT2Z8L,[Amazon限定ブランド] SOAP SELECT(ソープ セレクト) 無添加泡の石けんボディソープ 大容量 詰替え用 1450ml
20210302PM,ボディソープ,try_1,Organic,22,B01LY2BV4P,【セット品】無添加 せっけん泡のボディソープ 詰替用 450ml×4
20210302PM,ボディソープ,try_1,Organic,23,B0854N55FR,【医薬部外品】 薬用太陽のさちEX 柿渋ボディソープ 大容量 詰替え用 1200ml
20210302PM,ボディソープ,try_1,Organic,24,B08HNH37DV,【まとめ買い】 専科 パーフェクトバブル フォーボディー フローラルプラスn ボディソープ つめかえ用 350ml×4個
20210302PM,ボディソープ,try_1,Organic,25,B087D98XSC,ORBIS(オルビス) リリースバイタッチ ボディシャンプー ボトル入り 500mL ボディソープ 本体
20210302PM,ボディソープ,try_1,Organic,26,B08LWCKDWF,【Amazon.co.jp限定】 Dove(ダヴ) ボタニカルセレクション ラベンダー ボディウォッシュ つめかえ用 ボディソープ 900g
20210302PM,ボディソープ,try_1,Organic,27,B079BVBFZ2,【Amazon.co.jp限定】 PRO TEC(プロテク) デオドラントソープ 詰め替え330ml×3個 + デオドラントソープ1回分おまけ付
20210302PM,ボディソープ,try_1,Organic,28,B07QFV89CD,ナイーブ ボディソープ詰替(桃の葉)1.6L詰替2個+ディアボーテトライアル
20210302PM,ボディソープ,try_1,Organic,29,B08KJ53RV7,【まとめ買い】 ニベア クリームケア ボディウォッシュ フレンチガーデンローズの香り つめかえ用 360ml×4個パック W濃厚保湿 ボディソープ
20210302PM,ボディソープ,try_1,Organic,30,B07FKHJN87,NULL ボディソープ メンズ 医薬部外品（ 体臭 背中ニキビ お尻ニキビ を 防ぎ/加齢臭 を抑える ） マリンシトラス の香り 臭い対策 薬用 フレグランス ボディウォッシュ ボディーソープ ボディシャンプー 400ml
20210302PM,ボディソープ,try_1,Organic,31,B08W8WFK54,ザ パブリック オーガニック ボディソープ 本体ボトル スーパーポジティブ 480mL
20210302PM,ボディソープ,try_1,Organic,32,B07STK4BCG,LUCIDO(ルシード) 【医薬部外品】 薬用デオドラントボディウォッシュ 加齢臭 男の におい 対策 ボディソープ 加齢臭 対策 大容量 無香料 詰替え用 760ml
20210302PM,ボディソープ,try_1,Organic,33,B089Z7WCHL,【Amazon.co.jp限定】 デ・オウ 【医薬部外品】ボディウォッシュ ポンプタイプ 1個+おまけつき ボディソープ セット 520mL
20210302PM,ボディソープ,try_1,Organic,34,B076H15NXH,BOTANIST ボタニスト ボタニカル ボディーソープ モイスト 440mL 詰め替え
20210302PM,ボディソープ,try_1,Organic,35,B07FLHPR4F,【3個セット】 デオコ 薬用デオドラント ボディクレンズ詰替用 250mL 【医薬部外品】
20210302PM,ボディソープ,try_1,Organic,36,B088YQHHT5,デオコ 【医薬部外品】 薬用デオドラント ボディクレンズ ボディソープ ピュアサボン 350mL
20210302PM,ボディソープ,try_1,Organic,37,B08LWCNZ4L,【Amazon.co.jp限定】 Dove(ダヴ) ボタニカルセレクション ジャスミン ボディウォッシュ つめかえ用 ボディソープ 詰め替え2.5個分
20210302PM,ボディソープ,try_1,Organic,38,B078K5K87T,ザ パブリック オーガニック スーパー リラックス ボディソープ 本体ボトル 480mL
20210302PM,ボディソープ,try_1,Organic,39,B005EJ86JY,ミヨシ石鹸 無添加せっけん 泡のボディソープ 詰替え用 5L
20210302PM,ボディソープ,try_1,Organic,40,B08WBXL33V,ザ パブリック オーガニック ボディソープ 本体ボトル 2種類 セット スーパーポジティブ & スーパーバウンシー 480mL + 480mL
20210302PM,ボディソープ,try_1,Organic,41,B082T4DHHS,AXE(アックス) 【まとめ買い】 フレグランス ブラック ボディソープ 詰替え用 300g×2個
20210302PM,ボディソープ,try_1,Organic,42,B082NH3WQ1,タン(THANN) タン シャワージェル AW 《アロマティックウッド》 《アロマティックウッド》 ボディソープ 320ml
20210302PM,ボディソープ,try_1,Organic,43,B07D3CZ6KQ,【大容量】ビオレU うるおいしっとり つめかえ用 1350ml
20210302PM,ボディソープ,try_1,Organic,44,B07D39RPWF,【大容量】ビオレU さっぱりさらさら つめかえ用 1350ml
20210302PM,ボディソープ,try_1,Organic,45,B08N5SGN4V,【Amazon.co.jp限定】 Dove(ダヴ) ボディウォッシュ ボタニカルセレクション ポンプ+替え ラベンダー セット 500g+360g おまけ付き
20210302PM,ボディソープ,try_1,Organic,46,B005JQSHP0,パックスナチュロン ボディソープ 詰替用 500ml
20210302PM,ボディソープ,try_1,Organic,47,B07XB6Y1XC,ハダカラ hadakara ボディソープ 保湿タイプ リッチソープの香り セット 本体500ml+詰め替え360ml
20210302PM,ボディソープ,try_1,Organic,48,B0827R3DDL,ミヨシ石鹸 無添加せっけん 泡のボディソープ 詰替え用 無香料 1L
20210302PM,ボディウォッシュ,try_1,Organic,1,B004HBB3UE,マーナ(MARNA) ボディースポンジ 「背中も洗えるシャボンボール」 ミックス ブルー ぐーんとのびる B873B
20210302PM,ボディウォッシュ,try_1,Organic,2,B077Z81S3J,REDEN BODY SOAP(リデン ボディーソープ)500ml
20210302PM,ボディウォッシュ,try_1,Organic,3,B0743GXHY6,【大容量】ビオレu つめかえ用4回分 1350ml
20210302PM,ボディウォッシュ,try_1,Organic,4,B085DXTKFW,【Amazon.co.jp限定】 Dove(ダヴ) 【大容量】ボディソープ(ボディウォッシュ) プレミアム モイスチャーケア 詰替え用 超特大 2800g
20210302PM,ボディウォッシュ,try_1,Organic,5,B07B5CNZRH,【まとめ買い】メンズビオレ デオドラントボディウォッシュ つめかえ用 380ml×3個 清潔感のあるせっけんの香り [医薬部外品]
20210302PM,ボディウォッシュ,try_1,Organic,6,B08KJ64W79,【まとめ買い】 ニベア クリームケア ボディウォッシュ ヨーロピアンホワイトソープの香り つめかえ用 360ml×4個パック W濃厚保湿 ボディソープ
20210302PM,ボディウォッシュ,try_1,Organic,7,B07CS3C1BT,Mellsavon(メルサボン) メルサボン ボディウォッシュ グラースデイズ 460mL ボディソープ
20210302PM,ボディウォッシュ,try_1,Organic,8,B07SFFVZBX,【Amazon.co.jp限定】 Dove(ダヴ) ダヴ ボディウォッシュ プレミアム モイスチャーケア つめかえ用 4個セット + ヴァセリン リップ ロージーハート 1440g+17g ボディソープ 360g×4個セット+ヴァセリン
20210302PM,ボディウォッシュ,try_1,Organic,9,B08DRM8V9J,ケアセラ(CareCera) 泡の高保湿ボディウォッシュ ボディソープ ピュアフローラルの香り 450mL
20210302PM,ボディウォッシュ,try_1,Organic,10,B08N5YYS3L,【Amazon.co.jp限定】 Dove MEN(ダヴメン) +ケア ボディウォッシュ クリーンコンフォート 詰替え用 320g×4 おまけ付き
20210302PM,ボディウォッシュ,try_1,Organic,11,B01N45EAK1,バルクオム ザ ボディウォッシュ 250g
20210302PM,ボディウォッシュ,try_1,Organic,12,B07CS2YKS3,Mellsavon(メルサボン) メルサボン ボディウォッシュ フローラルハーブ 460mL ボディソープ
20210302PM,ボディウォッシュ,try_1,Organic,13,B01MXLWL0H,BOTANIST ボタニスト ボタニカルボディーソープ (モイスト(ローズ&ホワイトピーチ))
20210302PM,ボディウォッシュ,try_1,Organic,14,B07CSB4PB4,Mellsavon(メルサボン) メルサボン ボディウォッシュ フローラルハーブ 詰替 380mL ボディソープ
20210302PM,ボディウォッシュ,try_1,Organic,15,B00INRNM3Y,ビオレu 泡で出てくるボディウォッシュ ポンプ 600ml
20210302PM,ボディウォッシュ,try_1,Organic,16,B08LWCKDWF,【Amazon.co.jp限定】 Dove(ダヴ) ボタニカルセレクション ラベンダー ボディウォッシュ つめかえ用 ボディソープ 900g
20210302PM,ボディウォッシュ,try_1,Organic,17,B074F147RQ,【まとめ買い】ビオレU 泡で出てくるボディウォッシュ 詰替用 480ml×3個
20210302PM,ボディウォッシュ,try_1,Organic,18,B00MWKFUTW,キュレル 泡ボディウォッシュ ポンプ 480ml(赤ちゃんにも使えます)
20210302PM,ボディウォッシュ,try_1,Organic,19,B08H5T8MVP,【Amazon.co.jp限定】 Dove(ダヴ) ボディウォッシュ ピーチ&スイートピー ボディソープ 詰替え用 360g×5個 おまけ付き
20210302PM,ボディウォッシュ,try_1,Organic,20,B089Z7WCHL,【Amazon.co.jp限定】 デ・オウ 【医薬部外品】ボディウォッシュ ポンプタイプ 1個+おまけつき ボディソープ セット 520mL
20210302PM,ボディウォッシュ,try_1,Organic,21,B07ZBC9Q4P,Rapter(ラプター) グルーミングボディウォッシュ メンズ向け [スパイス&フローラルの香り/220g] ボディソープ [ニオイケア成分をマイクロカプセル化] ボディケア
20210302PM,ボディウォッシュ,try_1,Organic,22,B079695S6F,ダヴ ボディウォッシュ ボタニカルセレクション ラベンダー ポンプ 500g
20210302PM,ボディウォッシュ,try_1,Organic,23,B07FKHJN87,NULL ボディソープ メンズ 医薬部外品（ 体臭 背中ニキビ お尻ニキビ を 防ぎ/加齢臭 を抑える ） マリンシトラス の香り 臭い対策 薬用 フレグランス ボディウォッシュ ボディーソープ ボディシャンプー 400ml
20210302PM,ボディウォッシュ,try_1,Organic,24,B07STK4BCG,LUCIDO(ルシード) 【医薬部外品】 薬用デオドラントボディウォッシュ 加齢臭 男の におい 対策 ボディソープ 加齢臭 対策 大容量 無香料 詰替え用 760ml
20210302PM,ボディウォッシュ,try_1,Organic,25,B086WJHBJD,Mellsavon(メルサボン) ボディウォッシュ レスティングフラワー460ml ボディソープ プルメリアの香り 460㎖
20210302PM,ボディウォッシュ,try_1,Organic,26,B08N5VJP9B,【Amazon.co.jp限定】 Dove(ダヴ) ボディウォッシュ ボタニカルセレクション ダマスクローズ 詰替え用 360g×3 おまけ付き
20210302PM,ボディウォッシュ,try_1,Organic,27,B00MWKFSIU,キュレル ボディウォッシュ ポンプ 420ml(赤ちゃんにも使えます)
20210302PM,ボディウォッシュ,try_1,Organic,28,B08H5R9C8L,【Amazon.co.jp限定】 Dove(ダヴ) ボディウォッシュ センシティブマイルド ボディソープ 詰替え用 360g×5個 おまけ付き
20210302PM,ボディウォッシュ,try_1,Organic,29,B08WD77CLQ,【Amazon.co.jp限定】 Dove(ダヴ) うるおいホイップ 泡ボディウォッシュ さらさら ボディソープ 詰替え用 430g×3個 おまけ付き
20210302PM,ボディウォッシュ,try_1,Organic,30,B08LWCNZ4L,【Amazon.co.jp限定】 Dove(ダヴ) ボタニカルセレクション ジャスミン ボディウォッシュ つめかえ用 ボディソープ 詰め替え2.5個分
20210302PM,ボディウォッシュ,try_1,Organic,31,B078K4XDBY,ザ パブリック オーガニック スーパー リフレッシュ ボディソープ 本体ボトル 480mL
20210302PM,ボディウォッシュ,try_1,Organic,32,B07FFQQH9T,MOLTON BROWN(モルトンブラウン) ロシアン レザー コレクションR&L バス&シャワージェル ボディソープ 300ml
20210302PM,ボディウォッシュ,try_1,Organic,33,B073S1DVV8,オルナ オーガニック ボディソープ 無添加 保湿 ボディーソープ ボタニカルないい香り 「 コラーゲン 3種類 + ヒアルロン酸 4種類 + ビタミンC誘導体 4種類 + セラミド 配合」 450ml
20210302PM,ボディウォッシュ,try_1,Organic,34,B08G5R2D6Z,MOLTON BROWN(モルトンブラウン) ストッキングフィラー コレクション ボディソープ セット 50ml×10
20210302PM,ボディウォッシュ,try_1,Organic,35,B07D3CZ6KQ,【大容量】ビオレU うるおいしっとり つめかえ用 1350ml
20210302PM,ボディウォッシュ,try_1,Organic,36,B07BPV36JV,dot メンズ 男性用 デオドラントボディーソープ 450mL 【医薬部外品】
20210302PM,ボディウォッシュ,try_1,Organic,37,B086B5FK3G,Dove(ダヴ) ボディウォッシュ シアバター＆バニラ 詰替え用 340g×4個
20210302PM,ボディウォッシュ,try_1,Organic,38,B07GKXZX93,KOSE ソフティモ ナチュサボン セレクト ホワイト ボディウォッシュ リッチモイスト つめかえ
20210302PM,ボディウォッシュ,try_1,Organic,39,B07TTQN5GR,【大容量】 ビオレu つめかえ用4回分 1350ml
20210302PM,ボディウォッシュ,try_1,Organic,40,B07X9LDV6R,ラックスボディソープ ラックス ボディソープ ムスキーフローラル つめかえ用 350g
20210302PM,ボディウォッシュ,try_1,Organic,41,B08H5T1R2T,デ・オウ 【医薬部外品】薬用クレンジング 徹底洗浄ボディウォッシュ 詰替用 特大 ボディソープ 930mL
20210302PM,ボディウォッシュ,try_1,Organic,42,B07KQMZQM8,ダヴメン+ケア ボディウォッシュ クリーンコンフォート ポンプ 400g
20210302PM,ボディウォッシュ,try_1,Organic,43,B07S9RH5YK,ビオレu 泡で出てくるボディウォッシュ つめかえ用 515ml(通常480ml+35ml) ボディソープ プレーンタイプ
20210302PM,ボディウォッシュ,try_1,Organic,44,B07968H57Z,Dove(ダヴ) ボディウォッシュ ボタニカルセレクション ダマスクローズ ポンプ 500g
20210302PM,ボディウォッシュ,try_1,Organic,45,B00PFO9GQ0,【業務用 大容量】キレイキレイ せいけつボディソープ さわやかなレモン&オレンジの香り 4L(医薬部外品)
20210302PM,ボディウォッシュ,try_1,Organic,46,B086B5BJHT,Dove(ダヴ) ボディウォッシュ グレープフルーツ＆レモングラス 詰替え用 360g×4個
20210302PM,ボディウォッシュ,try_1,Organic,47,B077TNBHVC,ボディウォッシュタオル フォーミー (40個セット)
20210302PM,ボディウォッシュ,try_1,Organic,48,B08WD8JMDT,Dove(ダヴ) うるおいホイップ 泡ボディウォッシュ しっとり ポンプ+つめかえ用 ボディソープ 540g+430g