202103031533Wed,シャンプー,try_1,Organic,1,B08DCW3JZH,【セット】BOTANIST(ボタニスト) ボタニカルシャンプー490ml&トリートメント490g （モイスト）
202103031533Wed,シャンプー,try_1,Organic,2,B084Q5L3X4,【2021年モデル】Nile 濃密泡スカルプシャンプー メンズ アミノ酸シャンプー ノンシリコン リンス成分配合
202103031533Wed,シャンプー,try_1,Organic,3,B08H837KVQ,ザ パブリック オーガニック シャンプー & トリートメント ベストコスメ 本体ボトル セット スーパーバウンシー 480mL + 480mL
202103031533Wed,シャンプー,try_1,Organic,4,B073W1637L,シャンプー ＆ トリートメント 【 無添加 天然由来洗浄 】 オルナ オーガニック ボタニカル ノンシリコンシャンプー / ボタニカル トリートメント 500ml&500ml ヒアルロン酸 コラーゲン ビタミンC誘導体 スムース ヘアケアギフトセット
202103031533Wed,シャンプー,try_1,Organic,5,B08BQY8XKY,ヘアザプロテイン モイスト シャンプー 460mL + トリートメント 460mL セット
202103031533Wed,シャンプー,try_1,Organic,6,B07GRT7JQ7,シャンプー&トリートメント [ダメージ補修] フローラル&ベリーの香り パーフェクトビューティ エクストラダメージリペア セット 450ml×2
202103031533Wed,シャンプー,try_1,Organic,7,B08HHJZSYF,Nile 超濃密泡シャンプー メンズ 濃厚ジェル アミノ酸 スカルプケア トラベルセット (250ｍⅬ)
202103031533Wed,シャンプー,try_1,Organic,8,B08SD1QS9J,BOTANIST(ボタニスト) BOTANIST ボタニカルスプリングシャンプー モイスト21 490mL
202103031533Wed,シャンプー,try_1,Organic,9,B08TCFK9SP,デオコ スカルプケア シャンプー スウィートフローラル 350mL
202103031533Wed,シャンプー,try_1,Organic,10,B01BEQUXC8,【まとめ買い】オクト シャンプー (医薬部外品) 320ml×2個セット
202103031533Wed,シャンプー,try_1,Organic,11,B07Q2G3SJZ,[医薬部外品] アンファー (ANGFA) スカルプD シャンプー オイリー 脂性肌用 男のスカルプD 薬用シャンプー スカルプシャンプー ふけ かゆみ アミノ酸 ノンシリコン サルフェートフリー 男性用 薬用 350ml 2019年リニューアル
202103031533Wed,シャンプー,try_1,Organic,12,B08R37TFB6,シャンプー トリートメント 詰め替え セット 【 卵殻膜 アミノ酸 配合 の アミノ酸シャンプー 】 「 パラペンフリー 鉱物油フリー 着色剤フリー の 無添加シャンプー 」 NALOW ナロウ ディープ モイスト 詰め替え用 450ml+450g
202103031533Wed,シャンプー,try_1,Organic,13,B08D87SCX6,ISM　シャンプー&トリートメント　セット　ココナッツアンバー　各490ml
202103031533Wed,シャンプー,try_1,Organic,14,B08881D962,MISTON 炭酸シャンプー クリアプレシャス スカルプフォーム メンズ 大容量モデル 320g
202103031533Wed,シャンプー,try_1,Organic,15,B08GFR6FF6,Natuarc ナチュアーク シャンプー ＆ トリートメント セット オーガニック ボタニカル 弱酸性 ノンシリコンシャンプー/ボタニカル トリートメント アミノ酸 配合 【 無添加 天然由来 】500ml&500ml
202103031533Wed,シャンプー,try_1,Organic,16,B07HRSMSWQ,【大容量】パンテーン シャンプー エクストラダメージケア 詰め替え 超特大 2200mL
202103031533Wed,シャンプー,try_1,Organic,17,B08R636FVV,サクセス 24 【まとめ買い】 クレンジング シャンプー 350ml & スカルプ コンディショナー 350ml 〈 みずみずしいフルーティフローラルの香り 〉 + ヒゲを剃りやすくする朝の洗顔シート 20枚入 付き セット 350ml+350ml+20枚
202103031533Wed,シャンプー,try_1,Organic,18,B08D6T7GXW,ISM　シャンプー&トリートメント　セット　シェルピンク　各490ml
202103031533Wed,シャンプー,try_1,Organic,19,B002TEXCGO,コラージュフルフル ネクストシャンプー すっきりさらさらタイプ 400mL (医薬部外品)
202103031533Wed,シャンプー,try_1,Organic,20,B07VK3GZ7W,シャンプー ヘアケア セット シンスボーテ オーガニック 400ml 無添加 アミノ酸 美容室専売品 ギフト
202103031533Wed,シャンプー,try_1,Organic,21,B08J3VP5X9,シャンプー & トリートメント 詰め替え シンスボーテ ヘアケアセット 350ml アミノ酸シャンプー 無添加 オーガニック つめかえ
202103031533Wed,シャンプー,try_1,Organic,22,B089WSBTYD,【Amazon.co.jp限定】 Dove(ダヴ) 【大容量】モイスチャーケア シャンプー 詰替え用 超特大 2000g
202103031533Wed,シャンプー,try_1,Organic,23,B082KLDPBX,シャンプー トリートメント ボトル セット 【 卵殻膜 アミノ酸 配合 の アミノ酸シャンプー 】 「 パラペンフリー 鉱物油フリー 着色剤フリー の 無添加シャンプー 」 NALOW ナロウ ディープ モイスト タイプ スムース タイプ 490ml+490g (NALOWディープモイストシャンプー＆トリートメント)
202103031533Wed,シャンプー,try_1,Organic,24,B08LWB1J3L,【Amazon.co.jp限定】 CLEAR(クリア) フォーメン トータルケア スカルプ シャンプー つめかえ用 詰め替え3.4回分
202103031533Wed,シャンプー,try_1,Organic,25,B08M325Y5J,ヘアレシピ和の実 ふわふわ ギフトパック(トートバック付) シャンプー セット 350ml+350g
202103031533Wed,シャンプー,try_1,Organic,26,B08PGTJLBX,【Amazon.co.jp限定】 CLAYGE(クレージュ) クレージュ シャンプー&トリートメント【SN】本体ボトル セット 500mL + 500mL 白 500ml×2
202103031533Wed,シャンプー,try_1,Organic,27,B08M2RJJZR,ヘアレシピ和の実 つるん ギフトパック(トートバック付) シャンプー セット 350ml+350g
202103031533Wed,シャンプー,try_1,Organic,28,B0784873P1,シャンプー 詰め替え ＆ トリートメント 詰め替え セット 【 無添加 天然由来洗浄 】 オルナ オーガニック ノンシリコン ボタニカルシャンプー ＆ トリートメント 400ml&400ml ヒアルロン酸 コラーゲン ビタミンC誘導体 セラミド 配合 (スムース)
202103031533Wed,シャンプー,try_1,Organic,29,B00PN9GQ6U,資生堂 フェンテフォルテ シャンプー トリートメント 500サイズ セット
202103031533Wed,シャンプー,try_1,Organic,30,B07JKTFXHV,バルクオム THE SHAMPOO(ザ シャンプー)200g【アミノ酸系/ノンシリコン】
202103031533Wed,シャンプー,try_1,Organic,31,B08F1X8XCL,【限定販売】REDEN HYBRID SHAMPOO R2(リデン ハイブリッドシャンプー R2)500ml マリンムスクの香り
202103031533Wed,シャンプー,try_1,Organic,32,B089Z7SC3G,【Amazon.co.jp限定】 メディクイックH 【医薬部外品】メディカルシャンプー 2個+おまけつき セット 320mLX2
202103031533Wed,シャンプー,try_1,Organic,33,B004LVD4UC,コラージュフルフル ネクストシャンプー うるおいなめらかタイプ (つめかえ用) 280mL (医薬部外品)
202103031533Wed,シャンプー,try_1,Organic,34,B01KHBYK0W,[医薬部外品] アンファー (ANGFA) スカルプD オイリー 2点セット (シャンプー ＆ コンディショナー) 脂性肌用 男のスカルプD 薬用シャンプー スカルプシャンプー ふけ かゆみ ノンシリコン 男性用 薬用 350ml 2019年リニューアル
202103031533Wed,シャンプー,try_1,Organic,35,B00A8UQQWI,ナプラ リラベール CMCシャンプー 1000ml & CMCヘアマスク 1000gセット【ポンプ】 napla
202103031533Wed,シャンプー,try_1,Organic,36,B012AJJNJM,BOTANIST ボタニカルシャンプー モイスト (詰め替えパウチ) 440ml
202103031533Wed,シャンプー,try_1,Organic,37,B07PZFGFTJ,[医薬部外品] アンファー (ANGFA) スカルプD シャンプー ドライ 乾燥肌用 男のスカルプD 薬用シャンプー スカルプシャンプー [ふけ] [かゆみ] [アミノ酸] [ノンシリコン] [サルフェートフリー] 男性用 薬用 350ml 【2019年リニューアル】
202103031533Wed,シャンプー,try_1,Organic,38,B00FPCRFTM,アジュバン リ：エミサリー シャンプー 詰替用（レフィル）700mL
202103031533Wed,シャンプー,try_1,Organic,39,B08M2RXM52,ヘアレシピ和の実 しっとり ギフトパック(トートバック付) シャンプー セット 350ml+350g
202103031533Wed,シャンプー,try_1,Organic,40,B07N78KNQS,【詰め替えセット】 BOTANIST ボタニスト ボタニカルシャンプー 440mL & ボタニカルトリートメント 440g スムース
202103031533Wed,シャンプー,try_1,Organic,41,B011TWL1J6,U-MA ウーマシャンプー プレミアム スカルプシャンプー 詰め替え 用 700ml 頭皮ケア ヘアケア メンズ 【ふけ かゆみ ノンシリコン 乾燥 男性用 大容量 】【医薬部外品】
202103031533Wed,シャンプー,try_1,Organic,42,B071FN6T2D,シャンプー 「 無添加 ノンシリコン 天然由来 」 オルナ オーガニック 無香料 でボタニカルな香り「コラーゲン ヒアルロン酸 ビタミンC誘導体 セラミド 配合」500ml (シャンプー ポンプ) (スムース)
202103031533Wed,シャンプー,try_1,Organic,43,B08KQC8TGG,PYUAN(ピュアン) デトクレンズ シャンプー & チャージビューティ トリートメント なめらかリッチ ポンプペア 500ml+500ml 〔根元ベタつく 毛先パサつく 混合頭髪 のためのヘアケアシリーズ〕 プラム&カメリアの香り セット
202103031533Wed,シャンプー,try_1,Organic,44,B00UH9X0YW,シュワルツコフ サロンオンリー シャンプー 1000ml + コンディショナー 1000g セット (詰替用レフィル)
202103031533Wed,シャンプー,try_1,Organic,45,B08D6T5QTP,ISM　シャンプー&トリートメント　セット　モアナブルー　各490ml
202103031533Wed,シャンプー,try_1,Organic,46,B00DE9Y0Q4,&GINO 頭皮ケアシャンプー プレミアムブラックシャンプー 400ml【 頭皮ケア スカルプ シャンプー 男性用 メンズ 】
202103031533Wed,シャンプー,try_1,Organic,47,B01C2KV5HM,頭皮ケアに！ チャップアップ （ CHAPUP ） CUシャンプー2本 男性用 スカルプ ケア （ノンシリコン オーガニック アミノ酸 系) 髪のハリ コシ 乾燥 メンズ
202103031533Wed,シャンプー,try_1,Organic,48,B079J5C59D,MARO17(マーロ17) パーフェクトウォッシュ シャンプー メンズ スカルプ 詰め替え 300ml
202103031533Wed,コンディショナー,try_1,Organic,1,B07YY59J22,【セット販売】 パンテーン トリートメントコンディショナー エクストラダメージケア 詰替用 超特大サイズ【 1.7kg×2個セット】
202103031533Wed,コンディショナー,try_1,Organic,2,B086N21Q8Q,John's Blend(ジョンズブレンド) コンディショナー モイストタイプ OA-JON-32-1 トリートメント ホワイトムスク 460g
202103031533Wed,コンディショナー,try_1,Organic,3,B077PTNJ29,【 トリートメント 詰め替え (コンディショナー)】 オルナ オーガニック 無添加 ボタニカルな香り「コラーゲン ヒアルロン酸 ビタミンC誘導体 セラミド 配合」400ml (詰め替え用) (スムース)
202103031533Wed,コンディショナー,try_1,Organic,4,B07ND3V18T,ディアボーテ オイルインコンディショナー(リッチ&リペア)詰替用360g
202103031533Wed,コンディショナー,try_1,Organic,5,B01ID7674Y,パンテーン 洗い流すトリートメント エクストラダメージケア デイリー補修トリートメント 特大サイズ 300g
202103031533Wed,コンディショナー,try_1,Organic,6,B072JGJ4KS,オルナ オーガニック トリートメント (コンディショナー) ボタニカルな香り「コラーゲン ヒアルロン酸 ビタミンC誘導体 セラミド 配合」500ml (トリートメント ボトル) (スムース)
202103031533Wed,コンディショナー,try_1,Organic,7,B07NPPH835,ハーバルエッセンス コンディショナー ビオリニュー モロッカンオイル 本体 400g
202103031533Wed,コンディショナー,try_1,Organic,8,B089WRMPCH,【Amazon.co.jp限定】 Dove(ダヴ) 【大容量】モイスチャーケア コンディショナー トリートメント 詰替え用 超特大 2000g
202103031533Wed,コンディショナー,try_1,Organic,9,B07TSCQK9N,いち髪 濃密W保湿ケア コンディショナー 詰替用2回分 680g
202103031533Wed,コンディショナー,try_1,Organic,10,B01J5COMIO,【大容量】 Dove ダヴ ダメージケア コンディショナー つめかえ用 1kg
202103031533Wed,コンディショナー,try_1,Organic,11,B086TBY1HH,【Amazon.co.jp限定】 ラックススーパーリッチシャイン 【大容量】ダメージリペア 補修 コンディショナー トリートメント 詰替え用 超特大 2000g
202103031533Wed,コンディショナー,try_1,Organic,12,B07XC4YDHK,ラックスルミニーク ダメージリペア トリートメント つめかえ用 1kg
202103031533Wed,コンディショナー,try_1,Organic,13,B07PGMN7R9,STEPHEN KNOLL(スティーブン ノル) モイスチュアコントロール コンディショナー トリートメント 本体
202103031533Wed,コンディショナー,try_1,Organic,14,B07HS21PTP,【大容量】h&s(エイチアンドエス) コンディショナー モイスチャー 詰め替え 超特大 2200g
202103031533Wed,コンディショナー,try_1,Organic,15,B07HRWBSTZ,【大容量】パンテーン コンディショナー エクストラダメージケア トリートメントコンディショナー 詰め替え 超特大 2000g
202103031533Wed,コンディショナー,try_1,Organic,16,B074G35PXX,パンテーン コンディショナー エクストラダメージケア トリートメントコンディショナー 詰め替え 超特大 860g
202103031533Wed,コンディショナー,try_1,Organic,17,B08LWB8Q62,【Amazon.co.jp限定】 CLEAR(クリア) フォーメン トータルケア スカルプ コンディショナー つめかえ用 トリートメント 詰め替え3.4回分
202103031533Wed,コンディショナー,try_1,Organic,18,B07FTZX1RF,ジョンマスターオーガニック L&Aコンディショナー N 236mL
202103031533Wed,コンディショナー,try_1,Organic,19,B07WYDV1G5,[正規輸入品]アルガンオイル ダメージケア コンディショナー
202103031533Wed,コンディショナー,try_1,Organic,20,B07TVNS9Y1,キュレル コンディショナー つめかえ用 340ml 弱酸性 ・ 無香料 ・ 無着色
202103031533Wed,コンディショナー,try_1,Organic,21,B08LWBZCJ8,【Amazon.co.jp限定】 LUX(ラックス) バイオフュージョン ダメージディフェンス コンディショナー つめかえ用 トリートメント 詰め替え2個分
202103031533Wed,コンディショナー,try_1,Organic,22,B08TCDMT29,デオコ スカルプケア コンディショナー つめかえ用 トリートメント スウィートフローラル 285g
202103031533Wed,コンディショナー,try_1,Organic,23,B06WP7S1ZQ,MARO17(マーロ17) コラーゲン スカルプ コンディショナー メンズ 350ml
202103031533Wed,コンディショナー,try_1,Organic,24,B0847RZDLJ,TSUBAKI(ツバキ) プレミアムリペア ヘアコンディショナー ボトル つめかえ 1000mL
202103031533Wed,コンディショナー,try_1,Organic,25,B00XXGCA3S,【大容量】ハーバルエッセンス コンディショナー なめらかスムース 詰め替え 2000g
202103031533Wed,コンディショナー,try_1,Organic,26,B0132TF4XI,第一三共ヘルスケア ミノン薬用コンディショナー 380ｍL(詰替用)
202103031533Wed,コンディショナー,try_1,Organic,27,B084H9GD5R,Dove(ダヴ) ボタニカルセレクション ダメージプロテクション コンディショナー 詰替え用 700g
202103031533Wed,コンディショナー,try_1,Organic,28,B07PP85L54,STEPHEN KNOLL(スティーブン ノル) フォルムコントロール コンディショナー (詰替え用) トリートメント レフィル
202103031533Wed,コンディショナー,try_1,Organic,29,B07TFH57MT,ハーバルリーフ オーガニックコンディショナー しっとり 潤い 高保湿 無添加 シア脂ノンシリコン 天然由来 敏感肌 頭皮ケア 300ml 日本製
202103031533Wed,コンディショナー,try_1,Organic,30,B08HSGV4H9,【まとめ買い】 スーパーマイルド(SUPER MiLD) コンディショナー 詰替用 トリートメント 1L×3個
202103031533Wed,コンディショナー,try_1,Organic,31,B0719RDBTC,タン トリートメントコンディショナーOE(Oriental Essence) 200g
202103031533Wed,コンディショナー,try_1,Organic,32,B087D9Q6WD,ORBIS(オルビス) リリースバイタッチ コンディショナー ボトル入り 480g トリートメント 本体
202103031533Wed,コンディショナー,try_1,Organic,33,B07CNNSFCP,[Amazonブランド]SOLIMO スカルプD スカルプパックコンディショナー 350ml
202103031533Wed,コンディショナー,try_1,Organic,34,B013FIYC48,第一三共ヘルスケア ミノン薬用コンディショナー 450ｍL
202103031533Wed,コンディショナー,try_1,Organic,35,B085HJRWVB,リーフ&ボタニクス コンディショナー ラベンダー 400mL トリートメント 本体 400ｍL
202103031533Wed,コンディショナー,try_1,Organic,36,B07XRQRH9R,U-MA ウーマ コンディショナープレミアム ボリュームアップコンディショナー 300ml スカルプ トリートメント メンズ 【 ふけ かゆみ ノンシリコン 乾燥 男性用 ヘアケア 頭皮ケア 】 パサつき ゴワつき
202103031533Wed,コンディショナー,try_1,Organic,37,B08LW8H943,【Amazon.co.jp限定】 ラックススーパーリッチシャイン モイスチャー コンディショナー つめかえ用 トリートメント 詰め替え5.2個分
202103031533Wed,コンディショナー,try_1,Organic,38,B08TCFZYD6,デオコ スカルプケア コンディショナー トリートメント スウィートフローラル 350g
202103031533Wed,コンディショナー,try_1,Organic,39,B07FFRTS74,h&s PRO (エイチアンドエス プロ) メンズ コンディショナー エナジー 詰め替え (ボリューム重視) 300g
202103031533Wed,コンディショナー,try_1,Organic,40,B07B5BD4SD,【大容量】メリット コンディショナー つめかえ用 1200ml [医薬部外品]
202103031533Wed,コンディショナー,try_1,Organic,41,B07FMPBNP1,【大容量】 エッセンシャル ふんわりうるツヤ コンディショナー つめかえ用 1080ml
202103031533Wed,コンディショナー,try_1,Organic,42,B07TD36C9W,ラックス スーパーリッチシャイン モイスチャー 保湿コンディショナー つめかえ用 1000g
202103031533Wed,コンディショナー,try_1,Organic,43,B08XNF7BMH,TSUBAKI(ツバキ) プレミアムリペア 体感セット(假屋崎省吾氏コラボレーションデザインパッケージ) 490ml×2
202103031533Wed,コンディショナー,try_1,Organic,44,B07N7B3X5L,クリア モイスト スカルプコンディショナーつめかえ600G
202103031533Wed,コンディショナー,try_1,Organic,45,B089BGFF25,LUX(ラックス) スーパーリッチシャイン ボタニカルシャイン コンディショナー トリートメント 430g
202103031533Wed,コンディショナー,try_1,Organic,46,B08SX7V1W9,【Amazon.co.jp限定】 SALON STYLE(サロンスタイル) ビオリス ヴィーガニー ボタニカル ヘアコンディショナー (モイスト) しっとりしなやか トリートメント ローズ&カシスの香り 詰替え用 340mL×2個セット + ヘアオイルサンプル(2回分) おまけつき
202103031533Wed,コンディショナー,try_1,Organic,47,B078Y93B8K,ルシード 薬用ヘア&スカルプコンディショナー 450g(医薬部外品)
202103031533Wed,コンディショナー,try_1,Organic,48,B000YDX0LO,giovanni(ジョバンニ) スムーズアズシルク モイスチャー コンディショナー 250ml
202103031533Wed,ボディソープ,try_1,Organic,1,B077Z81S3J,REDEN(リデン) REDEN BODY SOAP(リデン ボディーソープ) グリーン ミント 500ml
202103031533Wed,ボディソープ,try_1,Organic,2,B07PGMWH7Z,【大容量】バウンシアボディソープ 詰替用1240mL
202103031533Wed,ボディソープ,try_1,Organic,3,B01MXLWL0H,BOTANIST ボタニスト ボタニカルボディーソープ (モイスト(ローズ&ホワイトピーチ))
202103031533Wed,ボディソープ,try_1,Organic,4,B0743GXHY6,【大容量】ビオレu つめかえ用4回分 1350ml
202103031533Wed,ボディソープ,try_1,Organic,5,B08KJ64W79,【まとめ買い】 ニベア クリームケア ボディウォッシュ ヨーロピアンホワイトソープの香り つめかえ用 360ml×4個パック W濃厚保湿 ボディソープ
202103031533Wed,ボディソープ,try_1,Organic,6,B085DXTKFW,【Amazon.co.jp限定】 Dove(ダヴ) 【大容量】ボディソープ(ボディウォッシュ) プレミアム モイスチャーケア 詰替え用 超特大 2800g
202103031533Wed,ボディソープ,try_1,Organic,7,B07CS2YKS3,Mellsavon(メルサボン) メルサボン ボディウォッシュ フローラルハーブ 460mL ボディソープ
202103031533Wed,ボディソープ,try_1,Organic,8,B000FQN8LM,カウブランド 無添加 ボディソープ 550ml
202103031533Wed,ボディソープ,try_1,Organic,9,B077ZCCC1J,【大容量】ミルキィ ボディソープ やさしいせっけんの香り つめかえ用 2000ml 220mm×110mm×315mm
202103031533Wed,ボディソープ,try_1,Organic,10,B07M89BMCT,バウンシア ボディソープ ポンプ付 500mL
202103031533Wed,ボディソープ,try_1,Organic,11,B078K4XDBY,ザ パブリック オーガニック スーパー リフレッシュ ボディソープ 本体ボトル 480mL
202103031533Wed,ボディソープ,try_1,Organic,12,B079LFC4PZ,【医薬部外品】ロート製薬 デオコ 薬用デオドラント ボディクレンズ 350mL
202103031533Wed,ボディソープ,try_1,Organic,13,B08NTJGYR1,REDEN(リデン) REDEN BODY SOAP(リデン ボディーソープ) 詰め替え 400ml マリンムスクの香り ボディソープ W130mm✕D41mm ✕ H220mm
202103031533Wed,ボディソープ,try_1,Organic,14,B08DTPC2LZ,Dove(ダヴ) ボディソープ(ボディウォッシュ) プレミアム モイスチャーケア 詰替え用 360g×4個セット
202103031533Wed,ボディソープ,try_1,Organic,15,B086QT4JKT,[Amazon限定ブランド]【医薬部外品】薬用 柿渋ボディソープ 大容量 詰替え用 1400ml
202103031533Wed,ボディソープ,try_1,Organic,16,B08N5YYS3L,【Amazon.co.jp限定】 Dove MEN(ダヴメン) +ケア ボディウォッシュ クリーンコンフォート 詰替え用 320g×4 おまけ付き
202103031533Wed,ボディソープ,try_1,Organic,17,B0854N55FR,【医薬部外品】 薬用太陽のさちEX 柿渋ボディソープ 大容量 詰替え用 1200ml
202103031533Wed,ボディソープ,try_1,Organic,18,B07CS6SC75,カウブランド 無添加ボディソープ 詰替え 400ml×3
202103031533Wed,ボディソープ,try_1,Organic,19,B08DRHF678,ケアセラ(CareCera) 泡の高保湿ボディウォッシュ つめかえ用 ボディソープ ピュアフローラルの香り 385ml(10% 増量)
202103031533Wed,ボディソープ,try_1,Organic,20,B005EJ86JY,ミヨシ石鹸 無添加せっけん 泡のボディソープ 詰替え用 5L
202103031533Wed,ボディソープ,try_1,Organic,21,B08KJ53RV7,【まとめ買い】 ニベア クリームケア ボディウォッシュ フレンチガーデンローズの香り つめかえ用 360ml×4個パック W濃厚保湿 ボディソープ
202103031533Wed,ボディソープ,try_1,Organic,22,B086QT2Z8L,[Amazon限定ブランド] SOAP SELECT(ソープ セレクト) 無添加泡の石けんボディソープ 大容量 詰替え用 1450ml
202103031533Wed,ボディソープ,try_1,Organic,23,B08HNH37DV,【まとめ買い】 専科 パーフェクトバブル フォーボディー フローラルプラスn ボディソープ つめかえ用 350ml×4個
202103031533Wed,ボディソープ,try_1,Organic,24,B079BVBFZ2,【Amazon.co.jp限定】 PRO TEC(プロテク) デオドラントソープ 詰め替え330ml×3個 + デオドラントソープ1回分おまけ付
202103031533Wed,ボディソープ,try_1,Organic,25,B087D98XSC,ORBIS(オルビス) リリースバイタッチ ボディシャンプー ボトル入り 500mL ボディソープ 本体
202103031533Wed,ボディソープ,try_1,Organic,26,B08LWCKDWF,【Amazon.co.jp限定】 Dove(ダヴ) ボタニカルセレクション ラベンダー ボディウォッシュ つめかえ用 ボディソープ 900g
202103031533Wed,ボディソープ,try_1,Organic,27,B005JQSHP0,パックスナチュロン ボディソープ 詰替用 500ml
202103031533Wed,ボディソープ,try_1,Organic,28,B08H5T1R2T,デ・オウ 【医薬部外品】薬用クレンジング 徹底洗浄ボディウォッシュ 詰替用 特大 ボディソープ 930mL
202103031533Wed,ボディソープ,try_1,Organic,29,B07QFV89CD,ナイーブ ボディソープ詰替(桃の葉)1.6L詰替2個+ディアボーテトライアル
202103031533Wed,ボディソープ,try_1,Organic,30,B076H15NXH,BOTANIST ボタニスト ボタニカル ボディーソープ モイスト 440mL 詰め替え
202103031533Wed,ボディソープ,try_1,Organic,31,B089Z7WCHL,【Amazon.co.jp限定】 デ・オウ 【医薬部外品】ボディウォッシュ ポンプタイプ 1個+おまけつき ボディソープ セット 520mL
202103031533Wed,ボディソープ,try_1,Organic,32,B07FLHPR4F,【3個セット】 デオコ 薬用デオドラント ボディクレンズ詰替用 250mL 【医薬部外品】
202103031533Wed,ボディソープ,try_1,Organic,33,B08LWCNZ4L,【Amazon.co.jp限定】 Dove(ダヴ) ボタニカルセレクション ジャスミン ボディウォッシュ つめかえ用 ボディソープ 詰め替え2.5個分
202103031533Wed,ボディソープ,try_1,Organic,34,B07STK4BCG,LUCIDO(ルシード) 【医薬部外品】 薬用デオドラントボディウォッシュ 加齢臭 男の におい 対策 ボディソープ 加齢臭 対策 大容量 無香料 詰替え用 760ml
202103031533Wed,ボディソープ,try_1,Organic,35,B08WBXL33V,ザ パブリック オーガニック ボディソープ 本体ボトル 2種類 セット スーパーポジティブ & スーパーバウンシー 480mL + 480mL
202103031533Wed,ボディソープ,try_1,Organic,36,B078K5K87T,ザ パブリック オーガニック スーパー リラックス ボディソープ 本体ボトル 480mL
202103031533Wed,ボディソープ,try_1,Organic,37,B07FKHJN87,NULL ボディソープ メンズ 医薬部外品（ 体臭 背中ニキビ お尻ニキビ を 防ぎ/加齢臭 を抑える ） マリンシトラス の香り 臭い対策 薬用 フレグランス ボディウォッシュ ボディーソープ ボディシャンプー 400ml
202103031533Wed,ボディソープ,try_1,Organic,38,B07YLQ9WSC,【大容量】ミルキィ ボディソープ フローラルソープの香り つめかえ用 2000ml 220mm×110mm×315mm
202103031533Wed,ボディソープ,try_1,Organic,39,B08N5SGN4V,【Amazon.co.jp限定】 Dove(ダヴ) ボディウォッシュ ボタニカルセレクション ポンプ+替え ラベンダー セット 500g+360g おまけ付き
202103031533Wed,ボディソープ,try_1,Organic,40,B082NH3WQ1,タン(THANN) タン シャワージェル AW 《アロマティックウッド》 《アロマティックウッド》 ボディソープ 320ml
202103031533Wed,ボディソープ,try_1,Organic,41,B01LY2BV4P,【セット品】無添加 せっけん泡のボディソープ 詰替用 450ml×4
202103031533Wed,ボディソープ,try_1,Organic,42,B08DRM8V9J,ケアセラ(CareCera) 泡の高保湿ボディウォッシュ ボディソープ ピュアフローラルの香り 450mL
202103031533Wed,ボディソープ,try_1,Organic,43,B0827R3DDL,ミヨシ石鹸 無添加せっけん 泡のボディソープ 詰替え用 無香料 1L
202103031533Wed,ボディソープ,try_1,Organic,44,B08PDYJLXG,【Amazon.co.jp限定】 LUCIDO(ルシード) 【医薬部外品】 薬用 デオドラントボディウォッシュ ポンプ ボディソープ 無香料 セット 450ml+サンプル付
202103031533Wed,ボディソープ,try_1,Organic,45,B07HZGP9VJ,arau. アラウ 泡ボディソープ つめかえ用 450mL×3個【まとめ買い】
202103031533Wed,ボディソープ,try_1,Organic,46,B074JCQC32,シャボン玉 無添加ボディソープ たっぷり泡 つめかえ用 470ml
202103031533Wed,ボディソープ,try_1,Organic,47,B082T4DHHS,AXE(アックス) 【まとめ買い】 フレグランス ブラック ボディソープ 詰替え用 300g×2個
202103031533Wed,ボディソープ,try_1,Organic,48,B0044DFTHI,大塚製薬 UL・OS(ウル・オス) 薬用スキンウォッシュ 詰め替え用 420ml
202103031533Wed,ボディウォッシュ,try_1,Organic,1,B004HBB3UE,マーナ(MARNA) ボディースポンジ 「背中も洗えるシャボンボール」 ミックス ブルー ぐーんとのびる B873B
202103031533Wed,ボディウォッシュ,try_1,Organic,2,B077Z81S3J,REDEN(リデン) REDEN BODY SOAP(リデン ボディーソープ) グリーン ミント 500ml
202103031533Wed,ボディウォッシュ,try_1,Organic,3,B0743GXHY6,【大容量】ビオレu つめかえ用4回分 1350ml
202103031533Wed,ボディウォッシュ,try_1,Organic,4,B085DXTKFW,【Amazon.co.jp限定】 Dove(ダヴ) 【大容量】ボディソープ(ボディウォッシュ) プレミアム モイスチャーケア 詰替え用 超特大 2800g
202103031533Wed,ボディウォッシュ,try_1,Organic,5,B08KJ64W79,【まとめ買い】 ニベア クリームケア ボディウォッシュ ヨーロピアンホワイトソープの香り つめかえ用 360ml×4個パック W濃厚保湿 ボディソープ
202103031533Wed,ボディウォッシュ,try_1,Organic,6,B07B5CNZRH,【まとめ買い】メンズビオレ デオドラントボディウォッシュ つめかえ用 380ml×3個 清潔感のあるせっけんの香り [医薬部外品]
202103031533Wed,ボディウォッシュ,try_1,Organic,7,B07CS3C1BT,Mellsavon(メルサボン) メルサボン ボディウォッシュ グラースデイズ 460mL ボディソープ
202103031533Wed,ボディウォッシュ,try_1,Organic,8,B08DRM8V9J,ケアセラ(CareCera) 泡の高保湿ボディウォッシュ ボディソープ ピュアフローラルの香り 450mL
202103031533Wed,ボディウォッシュ,try_1,Organic,9,B07SFFVZBX,【Amazon.co.jp限定】 Dove(ダヴ) ダヴ ボディウォッシュ プレミアム モイスチャーケア つめかえ用 4個セット + ヴァセリン リップ ロージーハート 1440g+17g ボディソープ 360g×4個セット+ヴァセリン
202103031533Wed,ボディウォッシュ,try_1,Organic,10,B08N5YYS3L,【Amazon.co.jp限定】 Dove MEN(ダヴメン) +ケア ボディウォッシュ クリーンコンフォート 詰替え用 320g×4 おまけ付き
202103031533Wed,ボディウォッシュ,try_1,Organic,11,B07CS2YKS3,Mellsavon(メルサボン) メルサボン ボディウォッシュ フローラルハーブ 460mL ボディソープ
202103031533Wed,ボディウォッシュ,try_1,Organic,12,B01MXLWL0H,BOTANIST ボタニスト ボタニカルボディーソープ (モイスト(ローズ&ホワイトピーチ))
202103031533Wed,ボディウォッシュ,try_1,Organic,13,B01N45EAK1,バルクオム ザ ボディウォッシュ 250g
202103031533Wed,ボディウォッシュ,try_1,Organic,14,B07CSB4PB4,Mellsavon(メルサボン) メルサボン ボディウォッシュ フローラルハーブ 詰替 380mL ボディソープ
202103031533Wed,ボディウォッシュ,try_1,Organic,15,B074F147RQ,【まとめ買い】ビオレU 泡で出てくるボディウォッシュ 詰替用 480ml×3個
202103031533Wed,ボディウォッシュ,try_1,Organic,16,B00INRNM3Y,ビオレu 泡で出てくるボディウォッシュ ポンプ 600ml
202103031533Wed,ボディウォッシュ,try_1,Organic,17,B08LWCKDWF,【Amazon.co.jp限定】 Dove(ダヴ) ボタニカルセレクション ラベンダー ボディウォッシュ つめかえ用 ボディソープ 900g
202103031533Wed,ボディウォッシュ,try_1,Organic,18,B00MWKFUTW,キュレル 泡ボディウォッシュ ポンプ 480ml(赤ちゃんにも使えます)
202103031533Wed,ボディウォッシュ,try_1,Organic,19,B08N5VJP9B,【Amazon.co.jp限定】 Dove(ダヴ) ボディウォッシュ ボタニカルセレクション ダマスクローズ 詰替え用 360g×3 おまけ付き
202103031533Wed,ボディウォッシュ,try_1,Organic,20,B07ZBC9Q4P,Rapter(ラプター) グルーミングボディウォッシュ メンズ向け [スパイス&フローラルの香り/220g] ボディソープ [ニオイケア成分をマイクロカプセル化] ボディケア
202103031533Wed,ボディウォッシュ,try_1,Organic,21,B089Z7WCHL,【Amazon.co.jp限定】 デ・オウ 【医薬部外品】ボディウォッシュ ポンプタイプ 1個+おまけつき ボディソープ セット 520mL
202103031533Wed,ボディウォッシュ,try_1,Organic,22,B07STK4BCG,LUCIDO(ルシード) 【医薬部外品】 薬用デオドラントボディウォッシュ 加齢臭 男の におい 対策 ボディソープ 加齢臭 対策 大容量 無香料 詰替え用 760ml
202103031533Wed,ボディウォッシュ,try_1,Organic,23,B079695S6F,ダヴ ボディウォッシュ ボタニカルセレクション ラベンダー ポンプ 500g
202103031533Wed,ボディウォッシュ,try_1,Organic,24,B086WJHBJD,Mellsavon(メルサボン) ボディウォッシュ レスティングフラワー460ml ボディソープ プルメリアの香り 460㎖
202103031533Wed,ボディウォッシュ,try_1,Organic,25,B07FKHJN87,NULL ボディソープ メンズ 医薬部外品（ 体臭 背中ニキビ お尻ニキビ を 防ぎ/加齢臭 を抑える ） マリンシトラス の香り 臭い対策 薬用 フレグランス ボディウォッシュ ボディーソープ ボディシャンプー 400ml
202103031533Wed,ボディウォッシュ,try_1,Organic,26,B00MWKFSIU,キュレル ボディウォッシュ ポンプ 420ml(赤ちゃんにも使えます)
202103031533Wed,ボディウォッシュ,try_1,Organic,27,B08H5T8MVP,【Amazon.co.jp限定】 Dove(ダヴ) ボディウォッシュ ピーチ&スイートピー ボディソープ 詰替え用 360g×5個 おまけ付き
202103031533Wed,ボディウォッシュ,try_1,Organic,28,B078K4XDBY,ザ パブリック オーガニック スーパー リフレッシュ ボディソープ 本体ボトル 480mL
202103031533Wed,ボディウォッシュ,try_1,Organic,29,B08LWCNZ4L,【Amazon.co.jp限定】 Dove(ダヴ) ボタニカルセレクション ジャスミン ボディウォッシュ つめかえ用 ボディソープ 詰め替え2.5個分
202103031533Wed,ボディウォッシュ,try_1,Organic,30,B08H5R9C8L,【Amazon.co.jp限定】 Dove(ダヴ) ボディウォッシュ センシティブマイルド ボディソープ 詰替え用 360g×5個 おまけ付き
202103031533Wed,ボディウォッシュ,try_1,Organic,31,B07FFQQH9T,MOLTON BROWN(モルトンブラウン) ロシアン レザー コレクションR&L バス&シャワージェル ボディソープ 300ml
202103031533Wed,ボディウォッシュ,try_1,Organic,32,B073S1DVV8,オルナ オーガニック ボディソープ 無添加 保湿 ボディーソープ ボタニカルないい香り 「 コラーゲン 3種類 + ヒアルロン酸 4種類 + ビタミンC誘導体 4種類 + セラミド 配合」 450ml
202103031533Wed,ボディウォッシュ,try_1,Organic,33,B07D3CZ6KQ,【大容量】ビオレU うるおいしっとり つめかえ用 1350ml
202103031533Wed,ボディウォッシュ,try_1,Organic,34,B07BPV36JV,dot メンズ 男性用 デオドラントボディーソープ 450mL 【医薬部外品】
202103031533Wed,ボディウォッシュ,try_1,Organic,35,B086B5FK3G,Dove(ダヴ) ボディウォッシュ シアバター＆バニラ 詰替え用 340g×4個
202103031533Wed,ボディウォッシュ,try_1,Organic,36,B08WD8JMDT,Dove(ダヴ) うるおいホイップ 泡ボディウォッシュ しっとり ポンプ+つめかえ用 ボディソープ 540g+430g
202103031533Wed,ボディウォッシュ,try_1,Organic,37,B07TTQN5GR,【大容量】 ビオレu つめかえ用4回分 1350ml
202103031533Wed,ボディウォッシュ,try_1,Organic,38,B07KQMZQM8,ダヴメン+ケア ボディウォッシュ クリーンコンフォート ポンプ 400g
202103031533Wed,ボディウォッシュ,try_1,Organic,39,B07GKXZX93,KOSE ソフティモ ナチュサボン セレクト ホワイト ボディウォッシュ リッチモイスト つめかえ
202103031533Wed,ボディウォッシュ,try_1,Organic,40,B000FQUH20,ロート製薬 セバメド フェイス&ボディウォッシュ 詰替用 600mL
202103031533Wed,ボディウォッシュ,try_1,Organic,41,B07X9LDV6R,ラックスボディソープ ラックス ボディソープ ムスキーフローラル つめかえ用 350g
202103031533Wed,ボディウォッシュ,try_1,Organic,42,B08H5T1R2T,デ・オウ 【医薬部外品】薬用クレンジング 徹底洗浄ボディウォッシュ 詰替用 特大 ボディソープ 930mL
202103031533Wed,ボディウォッシュ,try_1,Organic,43,B00PFO9GQ0,【業務用 大容量】キレイキレイ せいけつボディソープ さわやかなレモン&オレンジの香り 4L(医薬部外品)
202103031533Wed,ボディウォッシュ,try_1,Organic,44,B07S9RH5YK,ビオレu 泡で出てくるボディウォッシュ つめかえ用 515ml(通常480ml+35ml) ボディソープ プレーンタイプ
202103031533Wed,ボディウォッシュ,try_1,Organic,45,B001NP7JLE,トリロジー ボディウォッシュ ボディケア 天然由来 無添加 500ml オーガニック 保湿 潤い
202103031533Wed,ボディウォッシュ,try_1,Organic,46,B086B5BJHT,Dove(ダヴ) ボディウォッシュ グレープフルーツ＆レモングラス 詰替え用 360g×4個
202103031533Wed,ボディウォッシュ,try_1,Organic,47,B07NLLG1WN,ダヴ ボディウォッシュ グレープフルーツ&レモングラス ポンプ 500g
202103031533Wed,ボディウォッシュ,try_1,Organic,48,B07968H57Z,Dove(ダヴ) ボディウォッシュ ボタニカルセレクション ダマスクローズ ポンプ 500g