20210302PM,シャンプー,try_1,SPA,1,,【Amazon.co.jp限定】 Dove(ダヴ) 【大容量】モイスチャーケア シャンプー 詰替え用 超特大 2000g
20210302PM,シャンプー,try_1,SPA,2,,ラックスルミニーク ダメージリペア シャンプー つめかえ用 1kg
20210302PM,シャンプー,try_1,SPA,3,,【Amazon.co.jp限定】 ラックススーパーリッチシャイン 【大容量】ダメージリペア 補修 シャンプー 詰替え用 超特大 2000g
20210302PM,シャンプー,try_1,SPA,4,,【セット買い】 パンテーンミラクルズ カラーシャイン ポンプ (シャンプー + トリートメント)
20210302PM,シャンプー,try_1,SPA,5,,[Amazon限定ブランド] Koloha+Plus シャンプー トリートメント ヘアオイル セット ノンシリコン アミノ酸 オーガニック シャンプー 洗い流さないトリートメント レベナオーガニック
20210302PM,シャンプー,try_1,SPA,6,,ラックスルミニーク ボタニカルピュア シャンプー つめかえ用 1kg
20210302PM,シャンプー,try_1,SPA,7,,クリア モイスト スカルプシャンプーつめかえ600G
20210302PM,シャンプー,try_1,SPA,8,,【Amazon.co.jp限定】 LUX(ラックス) プレミアム ボタニフィーク ダメージリペア シャンプー つめかえ用 700g 詰め替え2回分
20210302PM,シャンプー,try_1,SPA,9,,【Amazon.co.jp限定】 ラックススーパーリッチシャイン モイスチャー シャンプー 詰替え用 5.8個分
20210302PM,シャンプー,try_1,SPA,10,,【Amazon.co.jp限定】 LUX(ラックス) バイオフュージョン ダメージディフェンス シャンプー つめかえ用 詰め替え2個分
20210302PM,シャンプー,try_1,SPA,11,,[Amazon限定ブランド] シンスボーテ オーガニック シャンプー & トリートメント ヘアケア セット 400ml NAOL
20210302PM,シャンプー,try_1,SPA,12,,【Amazon.co.jp限定】 ラックススーパーリッチシャイン ダメージリペア 補修 シャンプー&コンディショナーセット 詰替え用 超特大 2000g×2
20210302PM,コンディショナー,try_1,SPA,1,,クリア モイスト スカルプコンディショナーつめかえ600G
20210302PM,コンディショナー,try_1,SPA,2,B07N7B3X5L,【Amazon.co.jp限定】 ラックススーパーリッチシャイン 【大容量】ダメージリペア 補修 コンディショナー トリートメント 詰替え用 超特大 2000g
20210302PM,コンディショナー,try_1,SPA,3,,【Amazon.co.jp限定】 Dove(ダヴ) 【大容量】モイスチャーケア コンディショナー トリートメント 詰替え用 超特大 2000g
20210302PM,コンディショナー,try_1,SPA,4,B086TBY1HH,【Amazon.co.jp限定】 CLEAR(クリア) フォーメン トータルケア スカルプ コンディショナー つめかえ用 トリートメント 詰め替え3.4回分
20210302PM,コンディショナー,try_1,SPA,5,,ラックスルミニーク ボタニカルピュア トリートメント つめかえ用 1kg
20210302PM,コンディショナー,try_1,SPA,6,B089WRMPCH,ラックスルミニーク ダメージリペア トリートメント つめかえ用 1kg
20210302PM,コンディショナー,try_1,SPA,7,,【Amazon.co.jp限定】 ラックススーパーリッチシャイン モイスチャー コンディショナー つめかえ用 トリートメント 詰め替え5.2個分
20210302PM,コンディショナー,try_1,SPA,8,B08LWB8Q62,【Amazon.co.jp限定】 LUX(ラックス) バイオフュージョン ダメージディフェンス コンディショナー つめかえ用 トリートメント 詰め替え2個分
20210302PM,コンディショナー,try_1,SPA,9,,h&s for men(エイチアンドエスフォーメン) コンディショナー ボリュームアップ 詰め替え 超特大 900g トリートメント
20210302PM,コンディショナー,try_1,SPA,10,B086N21Q8Q,【大容量】トリートメント [ストレート] フローラル&ベリーの香り パーフェクトビューティ エクストラストレート 詰め替え 660ml
20210302PM,コンディショナー,try_1,SPA,11,B07YY59J22,【大容量】トリートメント [ツヤ髪] フローラル&ベリーの香り パーフェクトビューティ エクストラシャイン 詰め替え 660ml
20210302PM,コンディショナー,try_1,SPA,12,B077PTNJ29,h&s for men(エイチアンドエスフォーメン) コンディショナー スカルプEX 詰め替え 超特大 900g トリートメント
20210302PM,ボディソープ,try_1,SPA,1,,【Amazon.co.jp限定】 Dove(ダヴ) 【大容量】ボディソープ(ボディウォッシュ) プレミアム モイスチャーケア 詰替え用 超特大 2800g
20210302PM,ボディソープ,try_1,SPA,2,B085DXTKFW,【Amazon.co.jp限定】 Dove(ダヴ) ボタニカルセレクション ラベンダー ボディウォッシュ つめかえ用 ボディソープ 900g
20210302PM,ボディソープ,try_1,SPA,3,,【Amazon.co.jp限定】 Dove(ダヴ) ボタニカルセレクション ジャスミン ボディウォッシュ つめかえ用 ボディソープ 詰め替え2.5個分
20210302PM,ボディソープ,try_1,SPA,4,B08LWCKDWF,【Amazon.co.jp限定】 Dove(ダヴ) ボディウォッシュ センシティブマイルド ボディソープ 詰替え用 360g×5個 おまけ付き
20210302PM,ボディソープ,try_1,SPA,5,,Dove(ダヴ) ボディウォッシュ シアバター＆バニラ 詰替え用 340g×4個
20210302PM,ボディソープ,try_1,SPA,6,B08LWCNZ4L,【Amazon.co.jp限定】 Dove(ダヴ) ボディウォッシュ ピーチ&スイートピー ボディソープ 詰替え用 360g×5個 おまけ付き
20210302PM,ボディソープ,try_1,SPA,7,,【Amazon.co.jp限定】 Dove(ダヴ) ボディウォッシュ ボタニカルセレクション ダマスクローズ 詰替え用 360g×3 おまけ付き
20210302PM,ボディソープ,try_1,SPA,8,B08H5R9C8L,ビオレu ザ ボディ 〔 The Body 〕 泡タイプ ピュアリーサボンの香り ポンプ 540ml ＋ 泡タイプ用 ボディミトン セット 「高潤滑処方の生クリーム泡」 ボディソープ 清潔感のあるピュアリーサボンの香り +1枚
20210302PM,ボディソープ,try_1,SPA,9,,【まとめ買い】 ニベア クリームケア ボディウォッシュ ヨーロピアンホワイトソープの香り つめかえ用 360ml×4個パック W濃厚保湿 ボディソープ
20210302PM,ボディソープ,try_1,SPA,10,B077Z81S3J,【大容量】バウンシアボディソープ 詰替用1240mL
20210302PM,ボディソープ,try_1,SPA,11,B07PGMWH7Z,MARO 全身用 ボディソープ 詰め替え 380ml
20210302PM,ボディソープ,try_1,SPA,12,B01MXLWL0H,ザ ボディ 〔 The Body 〕 泡タイプ ピュアリーサボンの香り つめかえ用 800ml×2個 + ビオレu 全身すっきりシート 10枚入 ボディソープ 清潔感のあるピュアリーサボンの香り
20210302PM,ボディウォッシュ,try_1,SPA,1,,Rapter(ラプター) グルーミングボディウォッシュ メンズ向け [スパイス&フローラルの香り/220g] ボディソープ [ニオイケア成分をマイクロカプセル化] ボディケア
20210302PM,ボディウォッシュ,try_1,SPA,2,,【Amazon.co.jp限定】 Dove(ダヴ) 【大容量】ボディソープ(ボディウォッシュ) プレミアム モイスチャーケア 詰替え用 超特大 2800g
20210302PM,ボディウォッシュ,try_1,SPA,3,B07ZBC9Q4P,【Amazon.co.jp限定】 Dove(ダヴ) ボディウォッシュ センシティブマイルド ボディソープ 詰替え用 360g×5個 おまけ付き
20210302PM,ボディウォッシュ,try_1,SPA,4,,【Amazon.co.jp限定】 Dove(ダヴ) ボタニカルセレクション ジャスミン ボディウォッシュ つめかえ用 ボディソープ 詰め替え2.5個分
20210302PM,ボディウォッシュ,try_1,SPA,5,B085DXTKFW,MOLTON BROWN(モルトンブラウン) サイプレス&シーフェンネル コレクション C&S バス&シャワージェル ボディソープ 300ml
20210302PM,ボディウォッシュ,try_1,SPA,6,,MOLTON BROWN(モルトンブラウン) カジュー&ライム コレクションC&L バス&シャワージェル ボディソープ 300ml
20210302PM,ボディウォッシュ,try_1,SPA,7,B08H5R9C8L,【Amazon.co.jp限定】 Dove(ダヴ) ボタニカルセレクション ラベンダー ボディウォッシュ つめかえ用 ボディソープ 900g
20210302PM,ボディウォッシュ,try_1,SPA,8,,MOLTON BROWN(モルトンブラウン) ブラックペッパー スポーツ 4-IN-1 ウォッシュ オールインワン 200ml
20210302PM,ボディウォッシュ,try_1,SPA,9,B08LWCNZ4L,MOLTON BROWN(モルトンブラウン) インディアンクレス コレクションIC コンディショナー トリートメント 300ml
20210302PM,ボディウォッシュ,try_1,SPA,10,,MOLTON BROWN(モルトンブラウン) スマジンセン コレクションSG バス&シャワージェル ボディソープ 300ml
20210302PM,ボディウォッシュ,try_1,SPA,11,B004HBB3UE,Dove(ダヴ) ボディウォッシュ シアバター＆バニラ 詰替え用 340g×4個
20210302PM,ボディウォッシュ,try_1,SPA,12,B077Z81S3J,【Amazon.co.jp限定】 Dove(ダヴ) ボディウォッシュ ボタニカルセレクション ダマスクローズ 詰替え用 360g×3 おまけ付き