20210301PM,シャンプー,try_1,SBA,1,None,
20210301PM,シャンプー,try_1,SBA,2,None,シャンプーするだけで髪にアミノ酸を補給。あなたのヘアサプリメント
20210301PM,シャンプー,try_1,SBA,3,B08WQ5N7MR,
20210301PM,シャンプー,try_1,SBA,4,B07VQM6HH6,LUX(ラックス) ラックス ヘアサプリメント モイスチャライザー シャンプー コンディショナー…
20210301PM,シャンプー,try_1,SBA,5,B07XBQ4VTJ,
20210301PM,コンディショナー,try_1,SBA,1,None,
20210301PM,コンディショナー,try_1,SBA,2,None,6種のボタニカル成分＆アミノ酸配合。アロマな香りで幸せおふろ時間
20210301PM,コンディショナー,try_1,SBA,3,B073P6Y9T9,
20210301PM,コンディショナー,try_1,SBA,4,B08LWD27DH,ラックス プレミアム ボタニフィーク ダメージリペア シャンプー ポンプ 510g
20210301PM,コンディショナー,try_1,SBA,5,B076WS4KDR,
20210301PM,コンディショナー,try_1,SBA,6,None,【Amazon.co.jp限定】 LUX(ラックス) プレミアム ボタニフィーク ダメージリペア シャンプー…
20210301PM,コンディショナー,try_1,SBA,7,None,
20210301PM,コンディショナー,try_1,SBA,8,None,ラックス プレミアム ボタニフィーク トリートメント ダメージリペア インテンシブオイル (洗…
20210301PM,コンディショナー,try_1,SBA,9,None,
20210301PM,コンディショナー,try_1,SBA,10,None,おすすめ記事
20210301PM,コンディショナー,try_1,SBA,11,None,
20210301PM,コンディショナー,try_1,SBA,12,None,コンディショナーはシャンプー後に髪を保護してくれる大事なヘアケアアイテム。毎日使う使用頻度が高いアイテムのためこだわって選びたいですよね。今回は、そんなコンディショナーのおすすめ人気ランキングを紹介します。
20210301PM,コンディショナー,try_1,SBA,13,None,
20210301PM,コンディショナー,try_1,SBA,14,None,ダストシールド技術でホコリや汚れから髪を保護
20210301PM,コンディショナー,try_1,SBA,15,None,
20210301PM,コンディショナー,try_1,SBA,16,None,ホコリや花粉などの汚れから髪を保護するダストシールド技術で、サラサラ髪が長続きします。弱酸性で頭髪や毛髪にも優しく、指通り滑らかなサラサラの仕上が…
20210301PM,コンディショナー,try_1,SBA,17,None,
20210301PM,コンディショナー,try_1,SBA,18,None,パサつきやごわつきが気になる髪を集中補修
20210301PM,コンディショナー,try_1,SBA,19,None,
20210301PM,コンディショナー,try_1,SBA,20,None,髪のダメージによってパサつきやごわつきがきになる髪もしっとりまとまる髪へ。高浸透カプセルを配合し、毛髪のケアをサポートします。さらにキューティクル…
20210301PM,コンディショナー,try_1,SBA,21,None,
20210301PM,コンディショナー,try_1,SBA,22,None,
20210301PM,コンディショナー,try_1,SBA,23,None,
20210301PM,コンディショナー,try_1,SBA,24,None,
20210301PM,コンディショナー,try_1,SBA,25,None,
20210301PM,コンディショナー,try_1,SBA,26,None,
20210301PM,コンディショナー,try_1,SBA,27,None,
20210301PM,コンディショナー,try_1,SBA,28,None,
20210301PM,ボディソープ,try_1,SBA,1,None,
20210301PM,ボディソープ,try_1,SBA,2,None,ふわふわな泡立ちで肌もしっとり。子どもも安心の自然な香り
20210301PM,ボディソープ,try_1,SBA,3,B085DXTKFW,
20210301PM,ボディソープ,try_1,SBA,4,B086B5FK3G,【Amazon.co.jp限定】 Dove(ダヴ) 【大容量】ボディソープ(ボディウォッシュ) プレミアム モ…
20210301PM,ボディソープ,try_1,SBA,5,B08LWCNZ4L,
20210301PM,ボディウォッシュ,try_1,SBA,1,None,
20210301PM,ボディウォッシュ,try_1,SBA,2,None,ふわふわな泡立ちで肌もしっとり。子どもも安心の自然な香り
20210301PM,ボディウォッシュ,try_1,SBA,3,B085DXTKFW,
20210301PM,ボディウォッシュ,try_1,SBA,4,B086B5FK3G,【Amazon.co.jp限定】 Dove(ダヴ) 【大容量】ボディソープ(ボディウォッシュ) プレミアム モ…
20210301PM,ボディウォッシュ,try_1,SBA,5,B08LWCNZ4L,