202103031533Wed,シャンプー,try_1,SPA,1,,【Amazon.co.jp限定】 Dove(ダヴ) 【大容量】モイスチャーケア シャンプー 詰替え用 超特大 2000g
202103031533Wed,シャンプー,try_1,SPA,2,,ラックスルミニーク ダメージリペア シャンプー つめかえ用 1kg
202103031533Wed,シャンプー,try_1,SPA,3,,クリア モイスト スカルプシャンプーつめかえ600G
202103031533Wed,シャンプー,try_1,SPA,4,,【セット買い】 ヘアレシピ 和の実 つるん(ノンシリコンシャンプー ボトル350ml + トリートメント ボトル350g)
202103031533Wed,シャンプー,try_1,SPA,5,,[Amazon限定ブランド] Koloha+Plus シャンプー トリートメント ヘアオイル セット ノンシリコン アミノ酸 オーガニック シャンプー 洗い流さないトリートメント レベナオーガニック
202103031533Wed,シャンプー,try_1,SPA,6,,春 シャンプー ＆ トリートメント 【 無添加 天然由来洗浄 】 オルナ オーガニック 限定 ノンシリコン シャンプー / トリートメント 500ml&500ml 「 サクラ プレミアム エキスの成分」「 ヒアルロン酸 ビタミンC誘導体 コラーゲン 」
202103031533Wed,シャンプー,try_1,SPA,7,,ラックスルミニーク ボタニカルピュア シャンプー つめかえ用 1kg
202103031533Wed,シャンプー,try_1,SPA,8,,【Amazon.co.jp限定】 Dove(ダヴ) モイスチャーケア シャンプー&コンディショナー セット 詰替え用 超特大 2000g×2
202103031533Wed,シャンプー,try_1,SPA,9,,【Amazon.co.jp限定】 LUX(ラックス) プレミアム ボタニフィーク ダメージリペア シャンプー つめかえ用 700g 詰め替え2回分
202103031533Wed,シャンプー,try_1,SPA,10,,【Amazon.co.jp限定】 ラックススーパーリッチシャイン モイスチャー シャンプー 詰替え用 5.8個分
202103031533Wed,シャンプー,try_1,SPA,11,,[Amazon限定ブランド] シンスボーテ オーガニック シャンプー & トリートメント ヘアケア セット 400ml NAOL
202103031533Wed,シャンプー,try_1,SPA,12,,【Amazon.co.jp限定】 LUX(ラックス) バイオフュージョン ダメージディフェンス シャンプー つめかえ用 詰め替え2個分
202103031533Wed,コンディショナー,try_1,SPA,1,B07N7B3X5L,クリア モイスト スカルプコンディショナーつめかえ600G
202103031533Wed,コンディショナー,try_1,SPA,2,,【Amazon.co.jp限定】 Dove(ダヴ) 【大容量】モイスチャーケア コンディショナー トリートメント 詰替え用 超特大 2000g
202103031533Wed,コンディショナー,try_1,SPA,3,B089WRMPCH,【Amazon.co.jp限定】 ラックススーパーリッチシャイン 【大容量】ダメージリペア 補修 コンディショナー トリートメント 詰替え用 超特大 2000g
202103031533Wed,コンディショナー,try_1,SPA,4,,【Amazon.co.jp限定】 CLEAR(クリア) フォーメン トータルケア スカルプ コンディショナー つめかえ用 トリートメント 詰め替え3.4回分
202103031533Wed,コンディショナー,try_1,SPA,5,B086TBY1HH,ラックスルミニーク ボタニカルピュア トリートメント つめかえ用 1kg
202103031533Wed,コンディショナー,try_1,SPA,6,,【Amazon.co.jp限定】 LUX(ラックス) バイオフュージョン ダメージディフェンス コンディショナー つめかえ用 トリートメント 詰め替え2個分
202103031533Wed,コンディショナー,try_1,SPA,7,B08LWB8Q62,【Amazon.co.jp限定】 ラックススーパーリッチシャイン モイスチャー コンディショナー つめかえ用 トリートメント 詰め替え5.2個分
202103031533Wed,コンディショナー,try_1,SPA,8,,ラックスルミニーク ダメージリペア トリートメント つめかえ用 1kg
202103031533Wed,コンディショナー,try_1,SPA,9,B07YY59J22,シャンプー ＆ トリートメント 【 無添加 天然由来洗浄 】 オルナ オーガニック ボタニカル ノンシリコンシャンプー / ボタニカル トリートメント 500ml&500ml ヒアルロン酸 コラーゲン ビタミンC誘導体 スムース ヘアケアギフトセット
202103031533Wed,コンディショナー,try_1,SPA,10,B086N21Q8Q,h&s for men(エイチアンドエスフォーメン) コンディショナー ボリュームアップ 詰め替え 超特大 900g トリートメント
202103031533Wed,コンディショナー,try_1,SPA,11,B077PTNJ29,トリートメント 詰め替え (コンディショナー)【 ボタニカル トリートメント 】 オルナ オーガニック 無添加 天然由来洗浄 「 コラーゲン ヒアルロン酸 ビタミンC誘導体 セラミド 配合」 400ml (モイスチャー)
202103031533Wed,コンディショナー,try_1,SPA,12,,h&s for men(エイチアンドエスフォーメン) コンディショナー スカルプEX 詰め替え 超特大 900g トリートメント
202103031533Wed,ボディソープ,try_1,SPA,1,B08GXGS3CC,hadakara(ハダカラ) ボディソープ オイルインタイプ セット 本体480ml+詰替340ml
202103031533Wed,ボディソープ,try_1,SPA,2,,hadakara(ハダカラ) ボディソープ 泡タイプ フローラルブーケの香り 大型サイズ825ml
202103031533Wed,ボディソープ,try_1,SPA,3,B08GSV4XRN,hadakara(ハダカラ) ボディソープ 泡で出てくるオイルインタイプ セット 本体530ml+詰替420ml
202103031533Wed,ボディソープ,try_1,SPA,4,,hadakara(ハダカラ) ボディソープ 泡タイプ クリーミーソープの香り 詰替え用 大型サイズ750ml×2個
202103031533Wed,ボディソープ,try_1,SPA,5,B06XWPCN2L,【Amazon.co.jp限定】 Dove(ダヴ) ボタニカルセレクション ラベンダー ボディウォッシュ つめかえ用 ボディソープ 900g
202103031533Wed,ボディソープ,try_1,SPA,6,,Dove(ダヴ) ボディウォッシュ シアバター＆バニラ 詰替え用 340g×4個
202103031533Wed,ボディソープ,try_1,SPA,7,B08GSWQF1B,【Amazon.co.jp限定】 Dove(ダヴ) ボタニカルセレクション ジャスミン ボディウォッシュ つめかえ用 ボディソープ 詰め替え2.5個分
202103031533Wed,ボディソープ,try_1,SPA,8,,【Amazon.co.jp限定】 Dove(ダヴ) ボディウォッシュ ピーチ&スイートピー ボディソープ 詰替え用 360g×5個 おまけ付き
202103031533Wed,ボディソープ,try_1,SPA,9,B077Z81S3J,【Amazon.co.jp限定】 Dove(ダヴ) 【大容量】ボディソープ(ボディウォッシュ) プレミアム モイスチャーケア 詰替え用 超特大 2800g
202103031533Wed,ボディソープ,try_1,SPA,10,B07PGMWH7Z,【Amazon.co.jp限定】 Dove(ダヴ) ボディウォッシュ センシティブマイルド ボディソープ 詰替え用 360g×5個 おまけ付き
202103031533Wed,ボディソープ,try_1,SPA,11,B01MXLWL0H,【Amazon.co.jp限定】 Dove(ダヴ) ボディウォッシュ ボタニカルセレクション ダマスクローズ 詰替え用 360g×3 おまけ付き
202103031533Wed,ボディソープ,try_1,SPA,12,B0743GXHY6,ビオレu ザ ボディ 〔 The Body 〕 泡タイプ ピュアリーサボンの香り ポンプ 540ml ＋ 泡タイプ用 ボディミトン セット 「高潤滑処方の生クリーム泡」 ボディソープ 清潔感のあるピュアリーサボンの香り +1枚
202103031533Wed,ボディウォッシュ,try_1,SPA,1,,Rapter(ラプター) グルーミングボディウォッシュ メンズ向け [スパイス&フローラルの香り/220g] ボディソープ [ニオイケア成分をマイクロカプセル化] ボディケア
202103031533Wed,ボディウォッシュ,try_1,SPA,2,B07ZBC9Q4P,【Amazon.co.jp限定】 Dove(ダヴ) 【大容量】ボディソープ(ボディウォッシュ) プレミアム モイスチャーケア 詰替え用 超特大 2800g
202103031533Wed,ボディウォッシュ,try_1,SPA,3,,【Amazon.co.jp限定】 Dove(ダヴ) ボディウォッシュ センシティブマイルド ボディソープ 詰替え用 360g×5個 おまけ付き
202103031533Wed,ボディウォッシュ,try_1,SPA,4,B085DXTKFW,【Amazon.co.jp限定】 Dove(ダヴ) ボタニカルセレクション ジャスミン ボディウォッシュ つめかえ用 ボディソープ 詰め替え2.5個分
202103031533Wed,ボディウォッシュ,try_1,SPA,5,,MOLTON BROWN(モルトンブラウン) カジュー&ライム コレクションC&L バス&シャワージェル ボディソープ 300ml
202103031533Wed,ボディウォッシュ,try_1,SPA,6,B08H5R9C8L,MOLTON BROWN(モルトンブラウン) サイプレス&シーフェンネル コレクション C&S バス&シャワージェル ボディソープ 300ml
202103031533Wed,ボディウォッシュ,try_1,SPA,7,,Dove(ダヴ) ボディウォッシュ シアバター＆バニラ 詰替え用 340g×4個
202103031533Wed,ボディウォッシュ,try_1,SPA,8,B08LWCNZ4L,【Amazon.co.jp限定】 Dove(ダヴ) ボタニカルセレクション ラベンダー ボディウォッシュ つめかえ用 ボディソープ 900g
202103031533Wed,ボディウォッシュ,try_1,SPA,9,,MOLTON BROWN(モルトンブラウン) サイプレス&シーフェンネル コレクションC&S ハンドウォッシュ 300ml
202103031533Wed,ボディウォッシュ,try_1,SPA,10,B004HBB3UE,MOLTON BROWN(モルトンブラウン) オレンジ&ベルガモット コレクション O&B ハンドウォッシュ 300ml
202103031533Wed,ボディウォッシュ,try_1,SPA,11,B077Z81S3J,MOLTON BROWN(モルトンブラウン) タバコアブソリュート コレクションTA バス&シャワージェル ボディソープ 300ml
202103031533Wed,ボディウォッシュ,try_1,SPA,12,B0743GXHY6,【Amazon.co.jp限定】 Dove(ダヴ) ボディウォッシュ ピーチ&スイートピー ボディソープ 詰替え用 360g×5個 おまけ付き