2021_0303_2001_Wed,シャンプー,try_1,SPA,1,,【セット買い】 パンテーンミラクルズ カラーシャイン ポンプ (シャンプー + トリートメント)
2021_0303_2001_Wed,シャンプー,try_1,SPA,2,,【Amazon.co.jp限定】 Dove(ダヴ) 【大容量】モイスチャーケア シャンプー 詰替え用 超特大 2000g
2021_0303_2001_Wed,シャンプー,try_1,SPA,3,,ラックスルミニーク ダメージリペア シャンプー つめかえ用 1kg
2021_0303_2001_Wed,シャンプー,try_1,SPA,4,,クリア モイスト スカルプシャンプーつめかえ600G
2021_0303_2001_Wed,シャンプー,try_1,SPA,5,,[Amazon限定ブランド] Koloha+Plus シャンプー トリートメント ヘアオイル セット ノンシリコン アミノ酸 オーガニック シャンプー 洗い流さないトリートメント レベナオーガニック
2021_0303_2001_Wed,シャンプー,try_1,SPA,6,,ラックスルミニーク ボタニカルピュア シャンプー つめかえ用 1kg
2021_0303_2001_Wed,シャンプー,try_1,SPA,7,,【Amazon.co.jp限定】 LUX(ラックス) プレミアム ボタニフィーク ダメージリペア シャンプー つめかえ用 詰め替え700g
2021_0303_2001_Wed,シャンプー,try_1,SPA,8,,【Amazon.co.jp限定】 ラックススーパーリッチシャイン モイスチャー シャンプー 詰替え用 5.8個分
2021_0303_2001_Wed,シャンプー,try_1,SPA,9,,【Amazon.co.jp限定】 Dove(ダヴ) モイスチャーケア シャンプー&コンディショナー セット 詰替え用 超特大 2000g×2
2021_0303_2001_Wed,シャンプー,try_1,SPA,10,,【Amazon.co.jp限定】 CLEAR(クリア) フォーメン オールインワン シャンプー 詰替え用 詰め替え 952g
2021_0303_2001_Wed,シャンプー,try_1,SPA,11,,[Amazon限定ブランド] シンスボーテ オーガニック シャンプー & トリートメント ヘアケア セット 400ml NAOL
2021_0303_2001_Wed,シャンプー,try_1,SPA,12,,【Amazon.co.jp限定】 ラックススーパーリッチシャイン 【大容量】ダメージリペア 補修 シャンプー 詰替え用 超特大 2000g
2021_0303_2001_Wed,コンディショナー,try_1,SPA,1,,クリア モイスト スカルプコンディショナーつめかえ600G
2021_0303_2001_Wed,コンディショナー,try_1,SPA,2,B07N7B3X5L,【Amazon.co.jp限定】 ラックススーパーリッチシャイン 【大容量】ダメージリペア 補修 コンディショナー トリートメント 詰替え用 超特大 2000g
2021_0303_2001_Wed,コンディショナー,try_1,SPA,3,,【Amazon.co.jp限定】 CLEAR(クリア) フォーメン トータルケア スカルプ コンディショナー つめかえ用 トリートメント 詰め替え3.4回分
2021_0303_2001_Wed,コンディショナー,try_1,SPA,4,B086TBY1HH,【Amazon.co.jp限定】 Dove(ダヴ) 【大容量】モイスチャーケア コンディショナー トリートメント 詰替え用 超特大 2000g
2021_0303_2001_Wed,コンディショナー,try_1,SPA,5,,ラックスルミニーク ボタニカルピュア トリートメント つめかえ用 1kg
2021_0303_2001_Wed,コンディショナー,try_1,SPA,6,B08LWB8Q62,【Amazon.co.jp限定】 LUX(ラックス) バイオフュージョン ダメージディフェンス コンディショナー 詰替え用 400g
2021_0303_2001_Wed,コンディショナー,try_1,SPA,7,,【Amazon.co.jp限定】 ラックススーパーリッチシャイン モイスチャー コンディショナー つめかえ用 トリートメント 詰め替え5.2個分
2021_0303_2001_Wed,コンディショナー,try_1,SPA,8,B089WRMPCH,ラックスルミニーク ダメージリペア トリートメント つめかえ用 1kg
2021_0303_2001_Wed,コンディショナー,try_1,SPA,9,,h&s for men(エイチアンドエスフォーメン) コンディショナー ボリュームアップ 詰め替え 超特大 900g トリートメント
2021_0303_2001_Wed,コンディショナー,try_1,SPA,10,B086N21Q8Q,h&s for men(エイチアンドエスフォーメン) コンディショナー スカルプEX 詰め替え 超特大 900g トリートメント
2021_0303_2001_Wed,コンディショナー,try_1,SPA,11,B07YY59J22,トリートメント 詰め替え (コンディショナー)【 ボタニカル トリートメント 】 オルナ オーガニック 無添加 天然由来洗浄 「 コラーゲン ヒアルロン酸 ビタミンC誘導体 セラミド 配合」 400ml (モイスチャー)
2021_0303_2001_Wed,コンディショナー,try_1,SPA,12,B07ND3V18T,STEPHEN KNOLL(スティーブン ノル) クレンジングコンディショナー シャンプー 500mL
2021_0303_2001_Wed,ボディソープ,try_1,SPA,1,,【Amazon.co.jp限定】 Dove(ダヴ) 【大容量】ボディソープ(ボディウォッシュ) プレミアム モイスチャーケア 詰替え用 超特大 2800g
2021_0303_2001_Wed,ボディソープ,try_1,SPA,2,B085DXTKFW,【Amazon.co.jp限定】 Dove(ダヴ) ボタニカルセレクション ラベンダー ボディウォッシュ つめかえ用 ボディソープ 900g
2021_0303_2001_Wed,ボディソープ,try_1,SPA,3,,【Amazon.co.jp限定】 Dove(ダヴ) ボタニカルセレクション ジャスミン ボディウォッシュ つめかえ用 ボディソープ 詰め替え2.5個分
2021_0303_2001_Wed,ボディソープ,try_1,SPA,4,B08LWCKDWF,Dove(ダヴ) ボディウォッシュ シアバター＆バニラ 詰替え用 340g×4個
2021_0303_2001_Wed,ボディソープ,try_1,SPA,5,,【Amazon.co.jp限定】 Dove(ダヴ) ボディウォッシュ ピーチ&スイートピー ボディソープ 詰替え用 360g×5個 おまけ付き
2021_0303_2001_Wed,ボディソープ,try_1,SPA,6,B08LWCNZ4L,【Amazon.co.jp限定】 Dove(ダヴ) ボディウォッシュ センシティブマイルド ボディソープ 詰替え用 360g×5個 おまけ付き
2021_0303_2001_Wed,ボディソープ,try_1,SPA,7,,【Amazon.co.jp限定】 Dove(ダヴ) ボディウォッシュ ボタニカルセレクション ダマスクローズ 詰替え用 360g×3 おまけ付き
2021_0303_2001_Wed,ボディソープ,try_1,SPA,8,B086B5FK3G,ビオレu ザ ボディ 〔 The Body 〕 泡タイプ ピュアリーサボンの香り ポンプ 540ml ＋ 泡タイプ用 ボディミトン セット 「高潤滑処方の生クリーム泡」 ボディソープ 清潔感のあるピュアリーサボンの香り +1枚
2021_0303_2001_Wed,ボディソープ,try_1,SPA,9,,Nile クレンジング ボディーソープ メンズ シャワーオイル 300ｍL
2021_0303_2001_Wed,ボディソープ,try_1,SPA,10,B077Z81S3J,【まとめ買い】 ニベア クリームケア ボディウォッシュ ヨーロピアンホワイトソープの香り つめかえ用 360ml×4個パック W濃厚保湿 ボディソープ
2021_0303_2001_Wed,ボディソープ,try_1,SPA,11,B01MXLWL0H,【大容量】バウンシアボディソープ 詰替用1240mL
2021_0303_2001_Wed,ボディソープ,try_1,SPA,12,B07PGMWH7Z,ザ ボディ 〔 The Body 〕 泡タイプ ピュアリーサボンの香り つめかえ用 800ml×2個 + ビオレu 全身すっきりシート 10枚入 ボディソープ 清潔感のあるピュアリーサボンの香り
2021_0303_2001_Wed,ボディウォッシュ,try_1,SPA,1,,Rapter(ラプター) グルーミングボディウォッシュ メンズ向け [スパイス&フローラルの香り/220g] ボディソープ [ニオイケア成分をマイクロカプセル化] ボディケア
2021_0303_2001_Wed,ボディウォッシュ,try_1,SPA,2,,【Amazon.co.jp限定】 Dove(ダヴ) 【大容量】ボディソープ(ボディウォッシュ) プレミアム モイスチャーケア 詰替え用 超特大 2800g
2021_0303_2001_Wed,ボディウォッシュ,try_1,SPA,3,B07ZBC9Q4P,【Amazon.co.jp限定】 Dove(ダヴ) ボディウォッシュ センシティブマイルド ボディソープ 詰替え用 360g×5個 おまけ付き
2021_0303_2001_Wed,ボディウォッシュ,try_1,SPA,4,,NULL ボディソープ メンズ 医薬部外品（ 体臭 背中ニキビ お尻ニキビ を 防ぎ/加齢臭 を抑える ） マリンシトラス の香り 臭い対策 薬用 フレグランス ボディウォッシュ ボディーソープ ボディシャンプー 400ml
2021_0303_2001_Wed,ボディウォッシュ,try_1,SPA,5,B085DXTKFW,Nile クレンジング ボディーソープ メンズ シャワーオイル 300ｍL
2021_0303_2001_Wed,ボディウォッシュ,try_1,SPA,6,,MOLTON BROWN(モルトンブラウン) サイプレス&シーフェンネル コレクション C&S バス&シャワージェル ボディソープ 300ml
2021_0303_2001_Wed,ボディウォッシュ,try_1,SPA,7,B08H5R9C8L,【Amazon.co.jp限定】 Dove(ダヴ) ボタニカルセレクション ラベンダー ボディウォッシュ つめかえ用 ボディソープ 900g
2021_0303_2001_Wed,ボディウォッシュ,try_1,SPA,8,,【Amazon.co.jp限定】 Dove(ダヴ) ボタニカルセレクション ジャスミン ボディウォッシュ つめかえ用 ボディソープ 詰め替え2.5個分
2021_0303_2001_Wed,ボディウォッシュ,try_1,SPA,9,B07FKHJN87,Dove(ダヴ) ボディウォッシュ シアバター＆バニラ 詰替え用 340g×4個
2021_0303_2001_Wed,ボディウォッシュ,try_1,SPA,10,,【Amazon.co.jp限定】 Dove(ダヴ) ボディウォッシュ ボタニカルセレクション ダマスクローズ 詰替え用 360g×3 おまけ付き
2021_0303_2001_Wed,ボディウォッシュ,try_1,SPA,11,B004HBB3UE,ケアセラ(CareCera) 泡の高保湿ボディウォッシュ つめかえ用 ボディソープ フルーティローズの香り 385ml(10% 増量)
2021_0303_2001_Wed,ボディウォッシュ,try_1,SPA,12,B077Z81S3J,【Amazon.co.jp限定】 Dove(ダヴ) ボディウォッシュ ピーチ&スイートピー ボディソープ 詰替え用 360g×5個 おまけ付き