,date,keyword,repeat,type,rank,ASIN,Name
0,20210628_1110_Mon,シャンプー,try_1,SPA,1,,[Amazon限定ブランド] Essenshil (エッセンシル) シャンプー&トリートメント セット トライアクティブ 480ml+480g ブルー フローラル
1,20210628_1110_Mon,シャンプー,try_1,SPA,2,,シャンプー&トリートメント セット シンスボーテ 400ml オーガニック 無添加 アミノ酸 美容室専売品 ギフト
2,20210628_1110_Mon,シャンプー,try_1,SPA,3,,【セット買い】 セグレタプレミアム スパ フォーム シャンプー + コンディショナー セット (シャンプー 170g + コンディショナー 150g) クリームみたいな 炭酸 ※泡 ※炭酸ガス(噴射剤)
3,20210628_1110_Mon,シャンプー,try_1,SPA,4,,dot スカルプシャンプー メンズ 頭皮ケア フケ痒み予防 育毛 を サポート アミノ酸シャンプー ノンシリコン 医薬部外品200ml
4,20210628_1110_Mon,シャンプー,try_1,SPA,5,,[Amazon限定ブランド] Koloha+Plus シャンプー トリートメント ヘアオイル セット ノンシリコン アミノ酸 オーガニック シャンプー 洗い流さないトリートメント レベナオーガニック
5,20210628_1110_Mon,シャンプー,try_1,SPA,6,,CITRUSPA シトラスパ シャンプートリートメント&ヘアパック（スムース）
6,20210628_1110_Mon,シャンプー,try_1,SPA,7,,【セット買い】 and and エアリーピーチの香り シャンプー & スウィートジャスミンの香り トリートメント [ ノンシリコン 処方 ]
7,20210628_1110_Mon,シャンプー,try_1,SPA,8,,シャンプー 詰め替え ＆ トリートメント 詰め替え セット 【 プロテイン アミノ酸 配合 】 ヘアザプロテイン シャンプー ＆ トリートメント 400ml&400ml
8,20210628_1110_Mon,シャンプー,try_1,SPA,9,,ヘアザプロテイン モイスト シャンプー 460mL + トリートメント 460mL セット
9,20210628_1110_Mon,シャンプー,try_1,SPA,10,,＜プライムセール対象！今だけ限定１５％OFF！＞【人気No.1！自宅でサロンケア！】＜セットでお得＞ 美容液成分で洗うシャンプー！ 美容室専売品 ディアローグ アメリオレイト シャンプー トリートメント 1000mlセット＜超保湿成分高配合＞
10,20210628_1110_Mon,シャンプー,try_1,SPA,11,,＜プライムセール対象！＞☆今だけ！20％OFF☆まずはお試し！！【人気No.1！自宅でサロンケア！】＜セットでお得＞ 美容液成分で洗うシャンプー！ 美容室専売品 ディアローグ アメリオレイト シャンプー トリートメント 240mlセット＜超保湿成分高配合＞
11,20210628_1110_Mon,シャンプー,try_1,SPA,12,,[Amazon限定ブランド] シンスボーテ オーガニック シャンプー 400ml 2本 NAOL
12,20210628_1110_Mon,シャンプー メンズ,try_1,SPA,1,,スカルプDネクスト プロテイン5 スカルプ シャンプー 詰め替え用 オイリー シャンプー メンズ 脂性肌用 男性用 300ml アンファー (ANGFA)
13,20210628_1110_Mon,シャンプー メンズ,try_1,SPA,2,B07WXG2CPF,スカルプD シャンプー メンズ オイリー 脂性肌用 医薬部外品 アンファー (ANGFA) 薬用シャンプー スカルプシャンプー ノンシリコン 男性用 350ml
14,20210628_1110_Mon,シャンプー メンズ,try_1,SPA,3,,シャンプー メンズ 【 ハイブリッド濃密泡 スカルプシャンプー 】 ケフトル 高級アミノ酸 ノンシリコンシャンプー メンズシャンプー 男性用 無添加 アミノ酸系 頭皮ケア 男性 【高濃度キャピキシル 配合】 500ml (本品)
15,20210628_1110_Mon,シャンプー メンズ,try_1,SPA,4,B07Q2G3SJZ,超濃密泡 シャンプー メンズ リンスイン SKINX 【 ヒノキの香り 】 ふけ かゆみ 予防 スカルプシャンプー 250ml
16,20210628_1110_Mon,シャンプー メンズ,try_1,SPA,5,,Nile 濃密泡スカルプシャンプー メンズ アミノ酸シャンプー ノンシリコン リンス成分配合 ラフランスの香り
17,20210628_1110_Mon,シャンプー メンズ,try_1,SPA,6,B0757FVNGP,Nile 育毛剤 メンズ スカルプヘアローション 医薬部外品150mL
18,20210628_1110_Mon,シャンプー メンズ,try_1,SPA,7,,バルクオム シャンプー 200g ( メンズ ヘアケア 男性 髪 頭皮 ジェル 清潔 アミノ酸 サロン 美容室 フケ かゆみ) BULKHOMME THE SHAMPOO
19,20210628_1110_Mon,シャンプー メンズ,try_1,SPA,8,B092D6PMVD,Nile 超濃密泡シャンプー メンズ レディース 濃厚ジェル アミノ酸 スカルプケア (250ｍⅬ)
20,20210628_1110_Mon,シャンプー メンズ,try_1,SPA,9,,ハーバルリーフ オーガニックシャンプー コンディショナー セット しっとり 潤い 高保湿 無添加 アミノ酸 ノンシリコン 天然由来 敏感肌 頭皮ケア 各300ml 日本製
21,20210628_1110_Mon,シャンプー メンズ,try_1,SPA,10,B08LWB1J3L,HMENZ シャンプー メンズ 医薬部外品 ノンシリコン アミノ酸系洗浄 スカルプ 250ml
22,20210628_1110_Mon,シャンプー メンズ,try_1,SPA,11,B0922KMC9T,MISTON 炭酸シャンプー クリアプレシャス スカルプフォーム メンズ 大容量モデル 320g
23,20210628_1110_Mon,シャンプー メンズ,try_1,SPA,12,B08WMCZ1TJ,バイタリズム(VITALISM) スカルプケア シャンプー＆コンディショナー セット for MEN (男性用) 各350ml (リニューアル版)
24,20210628_1110_Mon,トリートメント,try_1,SPA,1,,ラックススーパーリッチシャイン ダメージリペア 洗い流すトリートメント 本体 300g
25,20210628_1110_Mon,トリートメント,try_1,SPA,2,,【Amazon.co.jp限定】 LUX(ラックス) バイオフュージョン ダメージディフェンス バイタルリペア トリートメント 本体 190g(通常サイズ10% 増量)
26,20210628_1110_Mon,トリートメント,try_1,SPA,3,,【大容量】パンテーン ミラクルズ トリートメント リッチモイスチャー 詰め替え 特大 880g
27,20210628_1110_Mon,トリートメント,try_1,SPA,4,,ラックス スーパーリッチシャイン ダメージリペア リッチ補修ヘアマスク 200g
28,20210628_1110_Mon,トリートメント,try_1,SPA,5,,ラックス プレミアム ボタニフィーク トリートメント ダメージリペア ヘアマスク (洗い流すヘアマスク) 170g
29,20210628_1110_Mon,トリートメント,try_1,SPA,6,,パンテーン ミラクルズ 洗い流さないトリートメント ヴィタフュジョン デュアルアクティブオイルセラム 通常品
30,20210628_1110_Mon,トリートメント,try_1,SPA,7,,【まとめ買い】 パンテーン ミラクルズ クリスタルスムース ポンプ シャンプー 500ml + トリートメント 500g
31,20210628_1110_Mon,トリートメント,try_1,SPA,8,,【まとめ買い】 パンテーン ミラクルズ リッチモイスチャー ポンプ シャンプー 500ml + トリートメント 500g
32,20210628_1110_Mon,トリートメント,try_1,SPA,9,,【大容量】パンテーン ミラクルズ トリートメント クリスタルスムース 詰め替え 特大 880g
33,20210628_1110_Mon,トリートメント,try_1,SPA,10,,CITRUSPA シトラスパ シャンプートリートメント&ヘアパック（スムース）
34,20210628_1110_Mon,トリートメント,try_1,SPA,11,,BOTANIST(ボタニスト) ボタニカルシャンプー&トリートメント 【モイストセット】 リニューアル 植物由来 ヘアケア しっとり まとまり ツヤ ヘアケア さらさら 指通り 潤い 頭皮ケア ノンシリコン 保湿 アミノ酸
35,20210628_1110_Mon,トリートメント,try_1,SPA,12,,パンテーン トリートメント ミラクルズ デュアルエフェクトミルクジェリー 200g
36,20210628_1110_Mon,ヘアオイル,try_1,SPA,1,,オーガニック ヘアオイル シンスボーテ 50ml シャンプー&トリートメント サンプル付き
37,20210628_1110_Mon,ヘアオイル,try_1,SPA,2,B08HYVS51N,シンスボーテ シャンプー&トリートメント&ヘアオイル セット 400ml&50ml
38,20210628_1110_Mon,ヘアオイル,try_1,SPA,3,,L'Oreal Paris(ロレアルパリ) 洗い流さないトリートメント べたつかない エルセーヴ ヘアオイル ホワイトジャスミンの香り とてもしっとり 本体(100ml)
39,20210628_1110_Mon,ヘアオイル,try_1,SPA,4,B08HYX8CJ2,L'Oreal Paris(ロレアルパリ) 洗い流さないトリートメント べたつかない エルセーヴ エクラアンぺリアル ヘアオイル フレンチローズの香り ツヤ 本体(100ml)
40,20210628_1110_Mon,ヘアオイル,try_1,SPA,5,,オルナ オーガニック ヘアオイル 【 洗い流さないトリートメント 】 サラサラ ヘアケア オイル 80ml
41,20210628_1110_Mon,ヘアオイル,try_1,SPA,6,B00E9PXRD4,ハーバルリーフ オーガニック ヘアオイル 洗い流さない アウトバス ヘアトリートメント フレッシュティーの香り ビタミンC誘導体 髪さらツヤ 保湿 100ml 日本製
42,20210628_1110_Mon,ヘアオイル,try_1,SPA,7,,ルフト ヘアオイル ケア デザイン （サロン品質） さらさら トリートメント 洗い流さない 120mL 桜（サクラ）の香り ヘアフレグランス オーガニック ボタニカル 無添加
43,20210628_1110_Mon,ヘアオイル,try_1,SPA,8,B019SL0KN8,レベナオーガニック ヘアオイル 180ml 洗い流さない トリートメント アウトバス オーガニック ノンシリコン スタイリング くせ毛 湿気 まとまる
44,20210628_1110_Mon,ヘアオイル,try_1,SPA,9,,ヘアオイル 【 洗い流さないトリートメント 】 オルナ オーガニック トリートメント 洗い流さない 「 サラサラ 髪をしっとりさせる あらいながさないトリートメント 」「 メンズ にも 人気 の アウトバストリートメント 」ヘア オイル 80ml (オルナ モイスチャーヘアエッセンス)
45,20210628_1110_Mon,ヘアオイル,try_1,SPA,10,B08HZ4T1FZ,LUFT（ルフト） ヘアオイル ヘアワックス レディース ギフト セット【サロン品質】さらさら仕上げ 洗い流さない アウトバス ヘア トリートメント スタイリング剤 オーガニック ヘアケア 70g&120mL アルガンオイル ホホバオイル 配合（保湿）
46,20210628_1110_Mon,ヘアオイル,try_1,SPA,11,B08WJ9Z2HH,100％アルガンヘアオイルト! ライプ R3 アルガントリートメントオイル 4点セット
47,20210628_1110_Mon,ヘアオイル,try_1,SPA,12,B00MWK6ZEQ,ハーバルリーフ オーガニック ヘアオイル 2021年夏限定Ver. クリアサボンの香り 洗い流さない アウトバス ヘアトリートメント ビタミンC誘導体 髪さらツヤ 保湿 100ml 日本製
48,20210628_1110_Mon,ボディソープ,try_1,SPA,1,,ハダカラ hadakara ボディソープ 保湿タイプ リッチソープの香り セット 本体500ml+詰め替え360ml
49,20210628_1110_Mon,ボディソープ,try_1,SPA,2,B07XB6Y1XC,ハダカラ hadakara ボディソープ 保湿タイプ フレッシュフローラルの香り セット 本体500ml+詰め替え360ml
50,20210628_1110_Mon,ボディソープ,try_1,SPA,3,,【まとめ買い_大容量】hadakara(ハダカラ) ボディソープ リッチソープの香り つめかえ用大型サイズ 800ml×2個
51,20210628_1110_Mon,ボディソープ,try_1,SPA,4,B07XH6WZ3K,hadakara(ハダカラ) ボディソープ サラサラfeelタイプ グリーンシトラスの香り (本体480ml+つめかえ340ml) セット 本体 +詰め替え
52,20210628_1110_Mon,ボディソープ,try_1,SPA,5,,【まとめ買い_大容量】hadakara(ハダカラ) ボディソープ フレッシュフローラルの香り つめかえ用大型サイズ 800ml×2個
53,20210628_1110_Mon,ボディソープ,try_1,SPA,6,B07XGBCGL3,hadakara(ハダカラ) ボディソープ 泡タイプ フローラルブーケの香り 大型サイズ825ml
54,20210628_1110_Mon,ボディソープ,try_1,SPA,7,,hadakara(ハダカラ) ボディソープ 泡で出てくるサラサラfeelタイプ グリーンシトラスの香り セット 本体530ml+つめかえ用420ml
55,20210628_1110_Mon,ボディソープ,try_1,SPA,8,B07XD9QPBH,hadakara(ハダカラ) ボディソープ 泡で出てくるサラサラfeelタイプ グリーンシトラスの香り 詰替え用 420ml×3個セット
56,20210628_1110_Mon,ボディソープ,try_1,SPA,9,,ハダカラ hadakara ボディソープ 泡タイプ クリーミーソープの香り セット 本体550ml + 詰替484ml
57,20210628_1110_Mon,ボディソープ,try_1,SPA,10,B0743GXHY6,hadakara(ハダカラ) ボディソープ 泡タイプ ハピネスブーケの香り セット 本体530ml+詰替420ml
58,20210628_1110_Mon,ボディソープ,try_1,SPA,11,B07D3CZ6KQ,hadakara(ハダカラ) ボディソープ 泡タイプ フローラルブーケの香り 本体550ml+詰替440ml
59,20210628_1110_Mon,ボディソープ,try_1,SPA,12,B01MXLWL0H,Dove(ダヴ) ボディウォッシュ シアバター&バニラ 詰替え用 340g×4個 ボディーソープ ボディソープ ほのかに甘く、心ほぐれるシアバターとバニラの香り(香料配合)。
60,20210628_1110_Mon,ハンドソープ,try_1,SPA,1,,【医薬部外品】キレイキレイ 薬用 泡ハンドソープ専用オートディスペンサー 本体+つめかえ用200mlセット 除菌シート付
61,20210628_1110_Mon,ハンドソープ,try_1,SPA,2,B08SJP7LC4,Dove(ダヴ) 泡ハンドウォッシュディープモイスチャー ポンプ+つめかえ用 ポンプ+詰め替え
62,20210628_1110_Mon,ハンドソープ,try_1,SPA,3,,Dove(ダヴ) 泡ハンドウォッシュ ディープモイスチャー 詰替え用 430mL×4個 おまけ付き
63,20210628_1110_Mon,ハンドソープ,try_1,SPA,4,B08WHFF528,ハンドソープ 無添加 オルナ オーガニック 500ml 」「 手荒れ 敏感肌 用 保湿 ハンドウォッシュ 」「 コラーゲン 3種類 + ヒアルロン酸 4種類 + ビタミンC誘導体 4種類 + セラミド 」
64,20210628_1110_Mon,ハンドソープ,try_1,SPA,5,,【医薬部外品】ミューズ 泡 ハンドソープ 詰め替え フルーティフレッシュの香り 色が変わる泡 (450ml×3個パック) 殺菌 消毒 手洗い 保湿成分配合 お徳用 まとめ買いパック
65,20210628_1110_Mon,ハンドソープ,try_1,SPA,6,B08WH978GP,【医薬部外品】ミューズ 液体 ハンドソープ 詰替 オリジナル 900mｌ×2個
66,20210628_1110_Mon,ハンドソープ,try_1,SPA,7,,ミューズ【医薬部外品】 薬用せっけんミューズ ハンドソープ ノータッチ ミッキーデザイン 本体+詰め替え 250mL
67,20210628_1110_Mon,ハンドソープ,try_1,SPA,8,B06ZZSGNCM,ecostore(エコストア) ハンドウォッシュポンプ <バニラ&ココナッツ> 425ml 石鹸
68,20210628_1110_Mon,ハンドソープ,try_1,SPA,9,,【医薬部外品】ミューズ ノータッチ 泡 ハンドソープ 詰め替え グリーンティーの香り (250ml×4個セット 約1000回分) 殺菌 消毒 専用自動ディスペンサー用 保湿成分配合 お徳用 まとめ買いセット
69,20210628_1110_Mon,ハンドソープ,try_1,SPA,10,B087ZCJQMK,ソープディスペンサー ハンドソープディスペンサー 陶器 詰め替えボトル 食器洗剤 各種洗剤対応 洗面所などに適用
70,20210628_1110_Mon,ハンドソープ,try_1,SPA,11,B08WHFF528,LUX(ラックス) 泡ハンドソープ フリージア&ティーツリーの香り 3個セット 240mL×3個セット
71,20210628_1110_Mon,ハンドソープ,try_1,SPA,12,B002D197B2,【医薬部外品】Vida Clean (ヴィダクリーン) 薬用泡ハンドソープIP 480ml ハンドソープ 泡石けん
72,20210628_1110_Mon,洗顔,try_1,SPA,1,,メンズ 洗顔フォーム アンビーク 130ml 濃密ミクロ泡 2種類の泥 低刺激 テカリ 毛穴 乾燥
73,20210628_1110_Mon,洗顔,try_1,SPA,2,,Dove(ダヴ) ビューティモイスチャー乾燥 保湿 クリーミー泡洗顔料 ポンプ + 詰替え 160ml+140ml×2個 + おまけ付 ホワイトフローラルの香り
74,20210628_1110_Mon,洗顔,try_1,SPA,3,,【Amazon.co.jp限定】 ビオレ おうちdeエステ 洗顔ジェル なめらか 240g 気分すっきりリラックスアロマの香り 240g(通常サイズ1.6倍)
75,20210628_1110_Mon,洗顔,try_1,SPA,4,,Dove(ダヴ) ビューティモイスチャー 乾燥 保湿 クリーミー泡洗顔料 詰替え用 140mL×3個 おまけ付き ホワイトフローラルの香り
76,20210628_1110_Mon,洗顔,try_1,SPA,5,,バルクオム 洗顔料 100g ( メンズ スキンケア 男性 洗顔 濃密 泡 毛穴 ) BULKHOMME THE FACE WASH
77,20210628_1110_Mon,洗顔,try_1,SPA,6,,洗顔 ハレナ オーガニック フェイスウォッシュ 100g 毛穴 酵素 ヒト型 セラミド もっちり泡 乾燥肌 泥 クレイ メンズ 使用可 洗顔料 洗顔フォーム
78,20210628_1110_Mon,洗顔,try_1,SPA,7,,Dove(ダヴ) センシティブマイルド クリーミー 無添加 敏感肌 乾燥肌 泡洗顔料 詰替え用 140mL×3個 おまけ付き 微香性
79,20210628_1110_Mon,洗顔,try_1,SPA,8,,VELUS 洗顔 泥洗顔 酵素 ( 毛穴 角質 角栓 いちご鼻 ) クレイミルク クレンジングミルク 敏感肌 乾燥肌 150g 日本製
80,20210628_1110_Mon,洗顔,try_1,SPA,9,,雪肌精 クリアウェルネス フェイシャル ソープ 洗顔 本体 100g
81,20210628_1110_Mon,洗顔,try_1,SPA,10,,HMENZ 洗顔 メンズ 濃密黒泡 (クレイ 炭 配合） 洗顔 ネット 付き 130g
82,20210628_1110_Mon,洗顔,try_1,SPA,11,,医薬部外品 洗顔 【 泡 で 毛穴 黒ずみ を徹底対策する 洗顔料 】 フィス ホワイト 無添加 洗顔フォーム 「 しみ くすみ 用 フェイスウォッシュ 」 100g
83,20210628_1110_Mon,洗顔,try_1,SPA,12,,バルクオム 洗顔料 100g 2個セット ( メンズ スキンケア 男性 洗顔 濃密 泡 毛穴 おまとめセット) BULKHOMME THE FACE WASH
84,20210628_1110_Mon,メイク落とし,try_1,SPA,1,,ファンケル (FANCL) 新 マイルド クレンジング オイル 1本 120mL (約60回分) マイクレ メイク落とし
85,20210628_1110_Mon,メイク落とし,try_1,SPA,2,B0773Q4M66,ハレナ クレンジングジェル 100%天然由来 毛穴 メイク落とし 敏感肌 無添加 オーガニック ホット w洗顔不要 170g
86,20210628_1110_Mon,メイク落とし,try_1,SPA,3,,洗顔 ハレナ オーガニック フェイスウォッシュ 100g 毛穴 酵素 ヒト型 セラミド もっちり泡 乾燥肌 泥 クレイ メンズ 使用可 洗顔料 洗顔フォーム
87,20210628_1110_Mon,メイク落とし,try_1,SPA,4,B07C48QHWF,LaViness クレンジング メイク落とし ジェル 毛穴開き
88,20210628_1110_Mon,メイク落とし,try_1,SPA,5,,AUBE(オーブ) ブラシひと塗りシャドウN 11ブラウン系 +おまけ付 アイシャドウ セット 4.5g
89,20210628_1110_Mon,メイク落とし,try_1,SPA,6,B0895H4T9L,【Amazon.co.jp限定】 ビオレ パーフェクトオイル メイク落とし クレンジング セット つめかえ用210ml + ミニボトル50ml
90,20210628_1110_Mon,メイク落とし,try_1,SPA,7,,オルナ オーガニック クレンジングジェル 無添加 「 毛穴 開き 黒ずみ 用」 メイク落とし 130ｇ
91,20210628_1110_Mon,メイク落とし,try_1,SPA,8,B08CV4WK3X,メイク落とし オイル クレンジング オルナ オーガニック 200ml 「 お風呂場での メイク落としに 」「 洗顔 にも 使える 」「 コラーゲン ヒアルロン酸 ビタミンC誘導体 配合 日本製 」
92,20210628_1110_Mon,メイク落とし,try_1,SPA,9,,クレンジング メイク落としシート 【 携帯用 の メイク落とし 】 cocojitan 化粧落とし シート 大容量 40枚入り「 洗顔 機能もついた オールインワン 処方」「 メンズ 肌にも優しい５種の 無添加 」「 ｗ洗顔不要 の クレンジングシート 」
93,20210628_1110_Mon,メイク落とし,try_1,SPA,10,B07G1SZMSP,【Amazon.co.jp限定】【感謝プライス】 ドクターシーラボ フォトホワイトC 薬用ホワイトクレンジングミルクEX 150mL 特別セット [化粧落とし/メイク落とし] マイルドクレンジング成分配合 (医薬部外品) VC100エッセンスローションEX ミニ付き
94,20210628_1110_Mon,メイク落とし,try_1,SPA,11,B0811YCX7H,kikimate キキメイト クレンジングジェル メイク落とし クレンジングフォーム【W洗顔不要 まつエクOK】 毛穴汚れ 黒ずみ用 敏感肌 乾燥肌 オイルフリー 無添加 オーガニック 保湿 120g
95,20210628_1110_Mon,メイク落とし,try_1,SPA,12,B08HNH2MCZ,世田谷コスメ クリアクレンジング ジェル ココナッツ 1本 400g（約３か月分）スキンケア 無添加 乾燥ケア
96,20210628_1133_Mon,シャンプー,try_1,SPA,1,,【まとめ買い】 パンテーン ミラクルズ リッチモイスチャー ポンプ シャンプー 500ml + トリートメント 500g
97,20210628_1133_Mon,シャンプー,try_1,SPA,2,B07JDGTRQ8,シャンプー&トリートメント セット シンスボーテ 400ml オーガニック 無添加 アミノ酸 美容室専売品 ギフト
98,20210628_1133_Mon,シャンプー,try_1,SPA,3,,【セット買い】 セグレタプレミアム スパ フォーム シャンプー + コンディショナー セット (シャンプー 170g + コンディショナー 150g) クリームみたいな 炭酸 ※泡 ※炭酸ガス(噴射剤)
99,20210628_1133_Mon,シャンプー,try_1,SPA,4,B07VK3GZ7W,dot スカルプシャンプー メンズ 頭皮ケア フケ痒み予防 育毛 を サポート アミノ酸シャンプー ノンシリコン 医薬部外品200ml
100,20210628_1133_Mon,シャンプー,try_1,SPA,5,,[Amazon限定ブランド] Koloha+Plus シャンプー トリートメント ヘアオイル セット ノンシリコン アミノ酸 オーガニック シャンプー 洗い流さないトリートメント レベナオーガニック
101,20210628_1133_Mon,シャンプー,try_1,SPA,6,B08HNBTTBJ,CITRUSPA シトラスパ シャンプートリートメント&ヘアパック（スムース）
102,20210628_1133_Mon,シャンプー,try_1,SPA,7,,【セット買い】 and and エアリーピーチの香り シャンプー & スウィートジャスミンの香り トリートメント [ ノンシリコン 処方 ]
103,20210628_1133_Mon,シャンプー,try_1,SPA,8,B08KDJTCRZ,シャンプー 詰め替え ＆ トリートメント 詰め替え セット 【 プロテイン アミノ酸 配合 】 ヘアザプロテイン シャンプー ＆ トリートメント 400ml&400ml
104,20210628_1133_Mon,シャンプー,try_1,SPA,9,,ヘアザプロテイン モイスト シャンプー 460mL + トリートメント 460mL セット
105,20210628_1133_Mon,シャンプー,try_1,SPA,10,B07HRSMSWQ,＜プライムセール対象！今だけ限定１５％OFF！＞【人気No.1！自宅でサロンケア！】＜セットでお得＞ 美容液成分で洗うシャンプー！ 美容室専売品 ディアローグ アメリオレイト シャンプー トリートメント 1000mlセット＜超保湿成分高配合＞
106,20210628_1133_Mon,シャンプー,try_1,SPA,11,B08VF978TD,＜プライムセール対象！＞☆今だけ！20％OFF☆まずはお試し！！【人気No.1！自宅でサロンケア！】＜セットでお得＞ 美容液成分で洗うシャンプー！ 美容室専売品 ディアローグ アメリオレイト シャンプー トリートメント 240mlセット＜超保湿成分高配合＞
107,20210628_1133_Mon,シャンプー,try_1,SPA,12,B091TP3KTX,[Amazon限定ブランド] シンスボーテ オーガニック シャンプー 400ml 2本 NAOL
108,20210628_1133_Mon,シャンプー,try_1,SPA,49,,シンスボーテ シャンプー&トリートメント&ヘアオイル セット 400ml&50ml
109,20210628_1133_Mon,シャンプー,try_1,SPA,50,,【セット買い】 and and ボタニカルフルーツの香り シャンプー [ ノンシリコン 処方 ] ＆ ブーケスキップの香り トリートメント
110,20210628_1133_Mon,シャンプー,try_1,SPA,51,,シャンプー トリートメント ボトル セット 【 卵殻膜 アミノ酸 配合 の アミノ酸シャンプー 】 「 パラペンフリー 鉱物油フリー 着色剤フリー の 無添加シャンプー 」 NALOW ナロウ ディープ モイスト タイプ スムース タイプ 490ml+490g (NALOWスムースシャンプー＆トリートメント)
111,20210628_1133_Mon,シャンプー,try_1,SPA,52,,リッチモロッカン プレミアムオイルシャンプー (300ml / アルガンオイル) シャンプー サロン 日本製
112,20210628_1133_Mon,シャンプー,try_1,SPA,53,,Nile 濃密泡スカルプシャンプー メンズ アミノ酸シャンプー ノンシリコン リンス成分配合 ラフランスの香り
113,20210628_1133_Mon,シャンプー,try_1,SPA,54,,Nile 超濃密泡シャンプー メンズ レディース 濃厚ジェル アミノ酸 スカルプケア (250ｍⅬ)
114,20210628_1133_Mon,シャンプー,try_1,SPA,55,,レベナオーガニック シャンプー＆トリートメントセット アミノ酸 オーガニック ノンシリコン ボタニカル スカルプ 無添加 しっとり高保湿 セラミド 植物幹細胞 配合 500ml＆500g
115,20210628_1133_Mon,シャンプー,try_1,SPA,56,,シャンプー ＆ トリートメント 【 無添加 天然由来洗浄 】 オルナ オーガニック ボタニカル ノンシリコンシャンプー / ボタニカル トリートメント 500ml&500ml ヒアルロン酸 コラーゲン ビタミンC誘導体 スムース ヘアケアギフトセット
116,20210628_1133_Mon,シャンプー,try_1,SPA,57,,亜鉛酵母で洗う髪育シャンプー.リーディングカンパニー・三資堂製薬 が開発したAGA・FAGA対応 最新ルートプラスワン Z シャンプー 抜け毛が気になる人用 300ml
117,20210628_1133_Mon,シャンプー,try_1,SPA,58,,Natuarc ナチュアーク シャンプー ＆ トリートメント セット オーガニック 無添加 天然由来 ボタニカル 弱酸性 ノンシリコンシャンプー/ボタニカル トリートメント アミノ酸 配合 500ml&500ml
118,20210628_1133_Mon,シャンプー,try_1,SPA,59,,【医薬部外品】U-MA ウーマシャンプープレミアム 300ml (約2ヶ月分) & ミニボトル コンディショナー 30ml スカルプシャンプー
119,20210628_1133_Mon,シャンプー,try_1,SPA,60,,シャンプー 詰め替え ＆ トリートメント 詰め替え セット 【 無添加 天然由来洗浄 】 オルナ オーガニック ノンシリコン ボタニカルシャンプー ＆ トリートメント 400ml&400ml ヒアルロン酸 コラーゲン ビタミンC誘導体 セラミド 配合
120,20210628_1133_Mon,シャンプー メンズ,try_1,SPA,1,,スカルプDネクスト プロテイン5 スカルプ シャンプー 詰め替え用 オイリー シャンプー メンズ 脂性肌用 男性用 300ml アンファー (ANGFA)
121,20210628_1133_Mon,シャンプー メンズ,try_1,SPA,2,B07WXG2CPF,スカルプD シャンプー メンズ オイリー 脂性肌用 医薬部外品 アンファー (ANGFA) 薬用シャンプー スカルプシャンプー ノンシリコン 男性用 350ml
122,20210628_1133_Mon,シャンプー メンズ,try_1,SPA,3,,シャンプー メンズ 【 ハイブリッド濃密泡 スカルプシャンプー 】 ケフトル 高級アミノ酸 ノンシリコンシャンプー メンズシャンプー 男性用 無添加 アミノ酸系 頭皮ケア 男性 【高濃度キャピキシル 配合】 500ml (本品)
123,20210628_1133_Mon,シャンプー メンズ,try_1,SPA,4,B07Q2G3SJZ,超濃密泡 シャンプー メンズ リンスイン SKINX 【 ヒノキの香り 】 ふけ かゆみ 予防 スカルプシャンプー 250ml
124,20210628_1133_Mon,シャンプー メンズ,try_1,SPA,5,,Nile 濃密泡スカルプシャンプー メンズ アミノ酸シャンプー ノンシリコン リンス成分配合 ラフランスの香り
125,20210628_1133_Mon,シャンプー メンズ,try_1,SPA,6,B0757FVNGP,バルクオム シャンプー 200g ( メンズ ヘアケア 男性 髪 頭皮 ジェル 清潔 アミノ酸 サロン 美容室 フケ かゆみ) BULKHOMME THE SHAMPOO
126,20210628_1133_Mon,シャンプー メンズ,try_1,SPA,7,,Nile 超濃密泡シャンプー メンズ レディース 濃厚ジェル アミノ酸 スカルプケア (250ｍⅬ)
127,20210628_1133_Mon,シャンプー メンズ,try_1,SPA,8,B092D6PMVD,ハーバルリーフ オーガニックシャンプー コンディショナー セット しっとり 潤い 高保湿 無添加 アミノ酸 ノンシリコン 天然由来 敏感肌 頭皮ケア 各300ml 日本製
128,20210628_1133_Mon,シャンプー メンズ,try_1,SPA,9,,HMENZ シャンプー メンズ 医薬部外品 ノンシリコン アミノ酸系洗浄 スカルプ 250ml
129,20210628_1133_Mon,シャンプー メンズ,try_1,SPA,10,B0922KMC9T,MISTON 炭酸シャンプー クリアプレシャス スカルプフォーム メンズ 大容量モデル 320g
130,20210628_1133_Mon,シャンプー メンズ,try_1,SPA,11,B08WMCZ1TJ,バイタリズム(VITALISM) スカルプケア シャンプー＆コンディショナー セット for MEN (男性用) 各350ml (リニューアル版)
131,20210628_1133_Mon,シャンプー メンズ,try_1,SPA,12,B07CJ5QM8B,【大容量】 サクセス 薬用シャンプー エクストラクール つめかえ用 960ml [医薬部外品] アブラ ワックス ニオイ 一発洗浄 アクアシトラスの香り
132,20210628_1133_Mon,シャンプー メンズ,try_1,SPA,49,,バイタリズム(VITALISM) スカルプケア シャンプー ノンシリコン for MEN (男性用) 500ml 大容量 ポンプ式 (リニューアル版)
133,20210628_1133_Mon,シャンプー メンズ,try_1,SPA,50,,医薬部外品 ポリピュアEX スカルプシャンプー 1本 男性用／女性用 ノンシリコン／コンディショナー不要 薬用シャンプー 350ml
134,20210628_1133_Mon,シャンプー メンズ,try_1,SPA,51,,&GINO 頭皮ケアシャンプー プレミアムブラックシャンプー 400ml【 頭皮ケア スカルプ シャンプー 男性用 メンズ 】
135,20210628_1133_Mon,シャンプー メンズ,try_1,SPA,52,,U-MA ウーマシャンプー プレミアム 300ml × 2本セット (約4か月分)【医薬部外品】スカルプシャンプー
136,20210628_1133_Mon,シャンプー メンズ,try_1,SPA,53,,【大容量】 サクセス リンスのいらない 薬用シャンプー エクストラクール つめかえ用 960ml [医薬部外品] アブラ ワックス ニオイ 一発洗浄 髪きしまない アクアシトラスの香り
137,20210628_1133_Mon,シャンプー メンズ,try_1,SPA,54,,シャンプー メンズ ギフト ボックス 【 男 のモテは 髪 で決まる】 HMENZ シャンプー + ハード ヘアワックス ギフトボックス 「 プレゼント 」「 スカルプ ケア ギフト 」 シャンプー (医薬部外品) 250ml ワックス 80ｇ
138,20210628_1133_Mon,シャンプー メンズ,try_1,SPA,55,,MAGMAS(マグマス) メンズ 亜鉛導入 シャンプー ボリュームアップ & スカルプケア エナジーハーブタイプ 詰替え用 320ml
139,20210628_1133_Mon,シャンプー メンズ,try_1,SPA,56,,【大容量】h&s for men シャンプー ボリュームアップ 詰め替え 超特大 900mL
140,20210628_1133_Mon,シャンプー メンズ,try_1,SPA,57,,MAGMAS(マグマス) メンズ 亜鉛導入 シャンプー ボリュームアップ & スカルプケア エナジーハーブタイプ 400ml
141,20210628_1133_Mon,シャンプー メンズ,try_1,SPA,58,,U-MA ウーマシャンプープレミアム[医薬部外品]＆ウーマコンディショナープレミアムセット スカルプシャンプー ふけ かゆみ 男性用
142,20210628_1133_Mon,シャンプー メンズ,try_1,SPA,59,,ケフトルEX スカルプシャンプー ＆ コンディショナー セット メンズ ノンシリコン アミノ酸シャンプー トリートメント リンス 美容室専売品 サロン専売 品質 500ml & 500g
143,20210628_1133_Mon,シャンプー メンズ,try_1,SPA,60,,【大容量】 サクセス リンスのいらない 薬用シャンプー つめかえ用 960ml [医薬部外品] アブラ ワックス ニオイ 一発洗浄 髪きしまない アクアシトラスの香り
144,20210628_1133_Mon,トリートメント,try_1,SPA,1,,【大容量】パンテーン ミラクルズ トリートメント リッチモイスチャー 詰め替え 特大 880g
145,20210628_1133_Mon,トリートメント,try_1,SPA,2,,パンテーン トリートメント ミラクルズ デュアルエフェクトミルクジェリー 200g
146,20210628_1133_Mon,トリートメント,try_1,SPA,3,,パンテーン ミラクルズ 洗い流さないトリートメント ヴィタフュジョン デュアルアクティブオイルセラム 通常品
147,20210628_1133_Mon,トリートメント,try_1,SPA,4,,【ボトルセット】DROAS ドロアス シルキーシャンプー・シルキートリートメントブリージーサボンの香り (シャンプートリートメントセット) シャンプー トリートメント コンディショナー ヘアケア クレイビューティー 泥 自然の恵み ザボン
148,20210628_1133_Mon,トリートメント,try_1,SPA,5,,【まとめ買い】 パンテーン ミラクルズ クリスタルスムース ポンプ シャンプー 500ml + トリートメント 500g
149,20210628_1133_Mon,トリートメント,try_1,SPA,6,,【まとめ買い】 パンテーン ミラクルズ リッチモイスチャー ポンプ シャンプー 500ml + トリートメント 500g
150,20210628_1133_Mon,トリートメント,try_1,SPA,7,,【大容量】パンテーン ミラクルズ トリートメント クリスタルスムース 詰め替え 特大 880g
151,20210628_1133_Mon,トリートメント,try_1,SPA,8,,CITRUSPA シトラスパ シャンプートリートメント&ヘアパック（スムース）
152,20210628_1133_Mon,トリートメント,try_1,SPA,9,,BOTANIST(ボタニスト) ボタニカルシャンプー&トリートメント 【モイストセット】 リニューアル 植物由来 ヘアケア しっとり まとまり ツヤ ヘアケア さらさら 指通り 潤い 頭皮ケア ノンシリコン 保湿 アミノ酸
153,20210628_1133_Mon,トリートメント,try_1,SPA,10,,【詰め替えセット】BOTANIST(ボタニスト) ボタニカルシャンプー&トリートメント 【ダメージケアセット】 リニューアル 植物由来 ヘアケア ダメージ 補修 ツヤ 指通り
154,20210628_1133_Mon,トリートメント,try_1,SPA,11,,シャンプー 詰め替え ＆ トリートメント 詰め替え セット 【 プロテイン アミノ酸 配合 】 ヘアザプロテイン シャンプー ＆ トリートメント 400ml&400ml
155,20210628_1133_Mon,トリートメント,try_1,SPA,12,,ラックススーパーリッチシャイン ダメージリペア 洗い流すトリートメント 本体 300g
156,20210628_1133_Mon,トリートメント,try_1,SPA,49,,【セット買い】 and and エアリーピーチの香り シャンプー & スウィートジャスミンの香り トリートメント [ ノンシリコン 処方 ]
157,20210628_1133_Mon,トリートメント,try_1,SPA,50,,BOTANIST(ボタニスト) ボタニカルシャンプー&トリートメント 【スムースセット】 リニューアル 植物由来 ヘアケア さらさら 指通り 潤い 頭皮ケア ノンシリコン 保湿 アミノ酸
158,20210628_1133_Mon,トリートメント,try_1,SPA,51,,ウエラトーン ヘアカラートリートメント ダークブラウン (白髪用)
159,20210628_1133_Mon,トリートメント,try_1,SPA,52,,オブ・コスメティックス ベースクリームオブヘア・4 【NEWパッケージ・新トリートメント成分配合】 (パサつき・ツヤのない方) 115ｇ ローズブーケの香り 美容室専売 ヘアトリートメント パサつき 乾燥 ダメージヘア 潤い ツヤ オブコスメ
160,20210628_1133_Mon,トリートメント,try_1,SPA,53,,パンテーンミー 洗い流すトリートメント ウェザープルーフ トリートメント160g
161,20210628_1133_Mon,トリートメント,try_1,SPA,54,,ヘッドスパセブン トリートメント
162,20210628_1133_Mon,トリートメント,try_1,SPA,55,,薬用トリートメント デルメッド ヘアトリートメント 240ml 医薬部外品 三省製薬
163,20210628_1133_Mon,トリートメント,try_1,SPA,56,,ヘアザプロテイン モイスト シャンプー 460mL + トリートメント 460mL セット
164,20210628_1133_Mon,トリートメント,try_1,SPA,57,,パンテーン ミラクルズ トリートメント カラーシャイン ポンプ 480g
165,20210628_1133_Mon,トリートメント,try_1,SPA,58,,LUX(ラックス) ラックスルミニーク ボタニカルピュア トリートメント つめかえ用 1kg ホワイト
166,20210628_1133_Mon,トリートメント,try_1,SPA,59,,BOTANIST（ボタニスト） プレミアムボタニカルトリートメント(ベルベットモイスト)毛髪保護 ツヤ 指どおり 頭皮保湿 植物由来成分 ダメージ補修 リニューアル 植物由来 ヘアケア さらさら 指通り 潤い 頭皮ケア ノンシリコン 保湿 アミノ酸
167,20210628_1133_Mon,トリートメント,try_1,SPA,60,,【セット買い】アトレージュ 薬用 スキントリートメント 200ml (敏感肌用 化粧水) & アトレージュAD+薬用フェイスウォッシュF 150ml [医薬部外品]
168,20210628_1133_Mon,ヘアオイル,try_1,SPA,1,,オーガニック ヘアオイル シンスボーテ 50ml シャンプー&トリートメント サンプル付き
169,20210628_1133_Mon,ヘアオイル,try_1,SPA,2,B08HYVS51N,シンスボーテ シャンプー&トリートメント&ヘアオイル セット 400ml&50ml
170,20210628_1133_Mon,ヘアオイル,try_1,SPA,3,,L'Oreal Paris(ロレアルパリ) 洗い流さないトリートメント べたつかない エルセーヴ ヘアオイル ホワイトジャスミンの香り とてもしっとり 本体(100ml)
171,20210628_1133_Mon,ヘアオイル,try_1,SPA,4,B08HYX8CJ2,L'Oreal Paris(ロレアルパリ) 洗い流さないトリートメント べたつかない エルセーヴ エクラアンぺリアル ヘアオイル フレンチローズの香り ツヤ 本体(100ml)
172,20210628_1133_Mon,ヘアオイル,try_1,SPA,5,,オルナ オーガニック ヘアオイル 【 洗い流さないトリートメント 】 サラサラ ヘアケア オイル 80ml
173,20210628_1133_Mon,ヘアオイル,try_1,SPA,6,B00E9PXRD4,ハーバルリーフ オーガニック ヘアオイル 洗い流さない アウトバス ヘアトリートメント フレッシュティーの香り ビタミンC誘導体 髪さらツヤ 保湿 100ml 日本製
174,20210628_1133_Mon,ヘアオイル,try_1,SPA,7,,ルフト ヘアオイル ケア デザイン （サロン品質） さらさら トリートメント 洗い流さない 120mL 桜（サクラ）の香り ヘアフレグランス オーガニック ボタニカル 無添加
175,20210628_1133_Mon,ヘアオイル,try_1,SPA,8,B019SL0KN8,レベナオーガニック ヘアオイル 180ml 洗い流さない トリートメント アウトバス オーガニック ノンシリコン スタイリング くせ毛 湿気 まとまる
176,20210628_1133_Mon,ヘアオイル,try_1,SPA,9,,ヘアオイル 【 洗い流さないトリートメント 】 オルナ オーガニック トリートメント 洗い流さない 「 サラサラ 髪をしっとりさせる あらいながさないトリートメント 」「 メンズ にも 人気 の アウトバストリートメント 」ヘア オイル 80ml (オルナ モイスチャーヘアエッセンス)
177,20210628_1133_Mon,ヘアオイル,try_1,SPA,10,B08HZ4T1FZ,LUFT（ルフト） ヘアオイル ヘアワックス レディース ギフト セット【サロン品質】さらさら仕上げ 洗い流さない アウトバス ヘア トリートメント スタイリング剤 オーガニック ヘアケア 70g&120mL アルガンオイル ホホバオイル 配合（保湿）
178,20210628_1133_Mon,ヘアオイル,try_1,SPA,11,B08WJ9Z2HH,ハーバルリーフ オーガニック ヘアオイル 2021年夏限定Ver. クリアサボンの香り 洗い流さない アウトバス ヘアトリートメント ビタミンC誘導体 髪さらツヤ 保湿 100ml 日本製
179,20210628_1133_Mon,ヘアオイル,try_1,SPA,12,B00MWK6ZEQ,COUPE ヘアオイル スタイリング オーガニック 無添加 ウェット 100ml
180,20210628_1133_Mon,ヘアオイル,try_1,SPA,49,,[ オーガニック 無添加 天然100% 国内精製 ] キャスターオイル （ ひまし油 ） [ マッサージオイル ボディオイル 全身 ボディケア ] 無香料 無着色 retowa organic 300ml/1本
181,20210628_1133_Mon,ヘアオイル,try_1,SPA,50,B08H6XMMCN,【セット買い】 セグレタプレミアム スパ フォーム シャンプー + コンディショナー セット (シャンプー 170g + コンディショナー 150g) クリームみたいな 炭酸 ※泡 ※炭酸ガス(噴射剤)
182,20210628_1133_Mon,ヘアオイル,try_1,SPA,51,,NATURECO オーガニック 洗い流さない ヘアオイル 100ml 約2カ月分 洗い流さない トリートメント モイスチュア ダメージケア 携帯サイズ メンズ レディース 兼用
183,20210628_1133_Mon,ヘアオイル,try_1,SPA,52,B08HNBTTBJ,パンテーンミー 洗い流さないトリートメント リペアーゴールデンカプセルミルク 90mL
184,20210628_1133_Mon,ヘアオイル,try_1,SPA,53,,【 YASUKE 】 スクワランオイル (500ml) / 各容量/各サイズ/スキンケア/ヘアケア/頭皮ケア/ボディケア / 天然100% / 無添加/安心の国内産 (500ml)
185,20210628_1133_Mon,ヘアオイル,try_1,SPA,54,B08WHNBFBS,ヘアオイル 3点 【 ヘアケア できる ヘア オイル 】オルナ オーガニック 無添加 「 普段使い でも 旅行先 でも 」 80ml+200ml+180g
186,20210628_1133_Mon,ヘアオイル,try_1,SPA,55,,L'Oreal Paris(ロレアルパリ) 洗い流さないトリートメント べたつかない エルセーヴ ヘアオイル フルーティーフローラルの香り ボタニカル 本体(100ml)
187,20210628_1133_Mon,ヘアオイル,try_1,SPA,56,B07VV4CMRB,L'Oreal Paris(ロレアルパリ) 洗い流さないトリートメント べたつかない エルセーヴ フレグランス ヘアオイル ジャスミン 本体(100ml)
188,20210628_1133_Mon,ヘアオイル,try_1,SPA,57,,LUTY ルーティー ヘアオイル 洗い流さない [ アミノ酸系 CMC補給/こだわり天然成分 26種類 ] ゴールデン ホホバオイル配合 (100g / 優しい香り) ダメージケア ヘアケア ツヤ 潤い
189,20210628_1133_Mon,ヘアオイル,try_1,SPA,58,B07H1SQVLJ,ザ パブリック オーガニック スーパー リラックス ヘアオイル＜ヘアオイル・スキンオイル＞55ml
190,20210628_1133_Mon,ヘアオイル,try_1,SPA,59,B07CW9XBM9,くせ毛 トリートメント ヘアオイル バランローズ ヘアエッセンスオイル 50ml （洗い流さないトリートメント ヘアオイル） 髪質改善 ヘアセラム サロン ストレート
191,20210628_1133_Mon,ヘアオイル,try_1,SPA,60,B08BGNHM63,dot ヘアオイル 洗い流さないヘアトリートメント くせ毛 オーガニック無添加 アルガンオイル シアバター 髪さらさら 潤い ダメージケア 80ml
192,20210628_1133_Mon,ボディソープ,try_1,SPA,1,,ハダカラ hadakara ボディソープ 保湿タイプ リッチソープの香り セット 本体500ml+詰め替え360ml
193,20210628_1133_Mon,ボディソープ,try_1,SPA,2,,ハダカラ hadakara ボディソープ 保湿タイプ フレッシュフローラルの香り セット 本体500ml+詰め替え360ml
194,20210628_1133_Mon,ボディソープ,try_1,SPA,3,,【まとめ買い_大容量】hadakara(ハダカラ) ボディソープ リッチソープの香り つめかえ用大型サイズ 800ml×2個
195,20210628_1133_Mon,ボディソープ,try_1,SPA,4,,hadakara(ハダカラ) ボディソープ サラサラfeelタイプ グリーンシトラスの香り (本体480ml+つめかえ340ml) セット 本体 +詰め替え
196,20210628_1133_Mon,ボディソープ,try_1,SPA,5,,【まとめ買い_大容量】hadakara(ハダカラ) ボディソープ フレッシュフローラルの香り つめかえ用大型サイズ 800ml×2個
197,20210628_1133_Mon,ボディソープ,try_1,SPA,6,,hadakara(ハダカラ) ボディソープ 泡タイプ フローラルブーケの香り 大型サイズ825ml
198,20210628_1133_Mon,ボディソープ,try_1,SPA,7,,hadakara(ハダカラ) ボディソープ 泡で出てくるサラサラfeelタイプ グリーンシトラスの香り セット 本体530ml+つめかえ用420ml
199,20210628_1133_Mon,ボディソープ,try_1,SPA,8,,hadakara(ハダカラ) ボディソープ 泡で出てくるサラサラfeelタイプ グリーンシトラスの香り 詰替え用 420ml×3個セット
200,20210628_1133_Mon,ボディソープ,try_1,SPA,9,,ハダカラ hadakara ボディソープ 泡タイプ クリーミーソープの香り セット 本体550ml + 詰替484ml
201,20210628_1133_Mon,ボディソープ,try_1,SPA,10,,hadakara(ハダカラ) ボディソープ 泡タイプ ハピネスブーケの香り セット 本体530ml+詰替420ml
202,20210628_1133_Mon,ボディソープ,try_1,SPA,11,,hadakara(ハダカラ) ボディソープ 泡タイプ フローラルブーケの香り 本体550ml+詰替440ml
203,20210628_1133_Mon,ボディソープ,try_1,SPA,12,,Dove(ダヴ) ボディウォッシュ シアバター&バニラ 詰替え用 340g×4個 ボディーソープ ボディソープ ほのかに甘く、心ほぐれるシアバターとバニラの香り(香料配合)。
204,20210628_1133_Mon,ボディソープ,try_1,SPA,49,,【Amazon.co.jp限定】 Dove(ダヴ) 【大容量】ボディソープ(ボディウォッシュ) プレミアム モイスチャーケア 詰替え用 詰め替え用 2800g ボディーソープ やわらかなフローラルの香り。 白
205,20210628_1133_Mon,ボディソープ,try_1,SPA,50,,ビオレu ザ ボディ 〔 The Body 〕 泡タイプ ピュアリーサボンの香り ポンプ 540ml ＋ 泡タイプ用 ボディミトン セット 「高潤滑処方の生クリーム泡」 ボディソープ 清潔感のあるピュアリーサボンの香り +1枚
206,20210628_1133_Mon,ボディソープ,try_1,SPA,51,,Dove(ダヴ) ボディウォッシュ ピーチ&スイートピー ボディソープ 詰替え用 360g×5個 おまけ付き ボディーソープ ほんのり甘いピーチとスイートピーの心やすらぐ香り(香料配合)。
207,20210628_1133_Mon,ボディソープ,try_1,SPA,52,,【Amazon.co.jp限定】 Dove(ダヴ) ボタニカルセレクション ラベンダー ボディウォッシュ つめかえ用 ボディソープ 900g ボディーソープ 心ときほぐす上質なラベンダーの香り(香料配合)。
208,20210628_1133_Mon,ボディソープ,try_1,SPA,53,,ヴェールメント ナチュラルスパ 400mL ギフトセット (ラベンダー)韓国発ホームスパ ボディソープ スクラブ
209,20210628_1133_Mon,ボディソープ,try_1,SPA,54,,ボディソープ メンズ 【 背中ニキビ や 体臭 を防ぐ】 薬 用 ボディーソープ で 加齢臭 対策 「 無添加 の せっけん 成分」 石鹸 の 泡 が メンズ ニキビ 跡 を洗浄 「 デオドラント ボディソープ 」【 医薬部外品 】 MNKB 380ml
210,20210628_1133_Mon,ボディソープ,try_1,SPA,55,,MEDIXE ボディソープ 加齢臭 乾燥肌 デオドラント ニキビ 高保湿 (医薬部外品) 大容量 500ml
211,20210628_1133_Mon,ボディソープ,try_1,SPA,56,,ORBIS(オルビス) リリースバイタッチ ボディシャンプー ボトル入り 500mL ボディソープ 本体
212,20210628_1133_Mon,ボディソープ,try_1,SPA,57,,【医薬部外品】薬用ボディソープ洗男（アラダン）ミドル脂臭 加齢臭 消臭 にきび予防 500ml
213,20210628_1133_Mon,ボディソープ,try_1,SPA,58,,【Amazon.co.jp限定】 Dove(ダヴ) ボタニカルセレクション ジャスミン ボディウォッシュ つめかえ用 ボディソープ 詰め替え2.5個分 ボディーソープ みずみずしく優雅なジャスミンの香り(香料配合)。 900g
214,20210628_1133_Mon,ボディソープ,try_1,SPA,59,,【大容量】ミルキィ ボディソープ やさしいせっけんの香り つめかえ用 2000ml 220mm×110mm×315mm
215,20210628_1133_Mon,ボディソープ,try_1,SPA,60,,ザ ボディ 〔 The Body 〕 泡タイプ ヒーリングボタニカルの香り つめかえ用 800ml×2個 + ビオレu 全身すっきりシート 10枚入 ボディソープ 清々しいヒーリングボタニカルの香り
216,20210628_1133_Mon,ハンドソープ,try_1,SPA,1,,【医薬部外品】キレイキレイ 薬用 泡ハンドソープ専用オートディスペンサー 本体+つめかえ用200mlセット 除菌シート付
217,20210628_1133_Mon,ハンドソープ,try_1,SPA,2,B08SJP7LC4,Dove(ダヴ) 泡ハンドウォッシュディープモイスチャー ポンプ+つめかえ用 ポンプ+詰め替え
218,20210628_1133_Mon,ハンドソープ,try_1,SPA,3,,Dove(ダヴ) 泡ハンドウォッシュ ディープモイスチャー 詰替え用 430mL×4個 おまけ付き
219,20210628_1133_Mon,ハンドソープ,try_1,SPA,4,B08WHFF528,ハンドソープ 無添加 オルナ オーガニック 500ml 」「 手荒れ 敏感肌 用 保湿 ハンドウォッシュ 」「 コラーゲン 3種類 + ヒアルロン酸 4種類 + ビタミンC誘導体 4種類 + セラミド 」
220,20210628_1133_Mon,ハンドソープ,try_1,SPA,5,,【医薬部外品】ミューズ 泡 ハンドソープ 詰め替え フルーティフレッシュの香り 色が変わる泡 (450ml×3個パック) 殺菌 消毒 手洗い 保湿成分配合 お徳用 まとめ買いパック
221,20210628_1133_Mon,ハンドソープ,try_1,SPA,6,B08WH978GP,【医薬部外品】ミューズ 液体 ハンドソープ 詰替 オリジナル 900mｌ×2個
222,20210628_1133_Mon,ハンドソープ,try_1,SPA,7,,ミューズ【医薬部外品】 薬用せっけんミューズ ハンドソープ ノータッチ ミッキーデザイン 本体+詰め替え 250mL
223,20210628_1133_Mon,ハンドソープ,try_1,SPA,8,B06ZZSGNCM,ecostore(エコストア) ハンドウォッシュポンプ <バニラ&ココナッツ> 425ml 石鹸
224,20210628_1133_Mon,ハンドソープ,try_1,SPA,9,,【医薬部外品】ミューズ ノータッチ 泡 ハンドソープ 詰め替え グリーンティーの香り (250ml×4個セット 約1000回分) 殺菌 消毒 専用自動ディスペンサー用 保湿成分配合 お徳用 まとめ買いセット
225,20210628_1133_Mon,ハンドソープ,try_1,SPA,10,B087ZCJQMK,ソープディスペンサー ハンドソープディスペンサー 陶器 詰め替えボトル 食器洗剤 各種洗剤対応 洗面所などに適用
226,20210628_1133_Mon,ハンドソープ,try_1,SPA,11,B08WHFF528,LUX(ラックス) 泡ハンドソープ フリージア&ティーツリーの香り 3個セット 240mL×3個セット
227,20210628_1133_Mon,ハンドソープ,try_1,SPA,12,B002D197B2,【医薬部外品】Vida Clean (ヴィダクリーン) 薬用泡ハンドソープIP 480ml ハンドソープ 泡石けん
228,20210628_1133_Mon,ハンドソープ,try_1,SPA,49,,Dove(ダヴ) 泡ハンドウォッシュピーチリリー ポンプ+つめかえ用 ピーチ&リリー 240mL+430mL×2個
229,20210628_1133_Mon,ハンドソープ,try_1,SPA,50,B08WH33WM1,Dove(ダヴ) 泡ハンドウォッシュ ピーチ&リリー 詰替え用 430mL×4個 おまけ付き
230,20210628_1133_Mon,ハンドソープ,try_1,SPA,51,,泡ミューズ メガサイズ オリジナルの香り 詰替え用 泡 700ml x 2個
231,20210628_1133_Mon,ハンドソープ,try_1,SPA,52,B08WH75G1L,Belifu ソープディスペンサー 泡 自動 ハンドソープディスペンサー 細菌抑制 オート センサー 350 ml大容量 電池式 多種類のソープ液体に適用 半透明ボトル 洗面所/キッチン/バスルーム/公共の場所に適用 日本語取扱説明書付き
232,20210628_1133_Mon,ハンドソープ,try_1,SPA,53,,【医薬部外品】ミューズ ノータッチ 泡 ハンドソープ 詰め替え 香りが残らない 台所 キッチン用 (250ml×4個セット 約1000回分) 殺菌 消毒 専用自動ディスペンサー用 保湿成分配合 お徳用 まとめ買いセット
233,20210628_1133_Mon,ハンドソープ,try_1,SPA,54,B08MBPMTW1,イーオー(EO) ハンドソープレモン&ユーカリ 355mL イエロー
234,20210628_1133_Mon,ハンドソープ,try_1,SPA,55,,フェルナンダ Fragrance Foaming Hand Soap(フレグランスフォーミングハンドソープ) Maria Regale(マリアリゲル) 200ml
235,20210628_1133_Mon,ハンドソープ,try_1,SPA,56,B097B3Q25N,メイソンジャーソープディスペンサー - 16オンスボールメイソンジャーw /ステンレススチールポンプ - キッチンとバスルームのための液体ハンドソープディスペンサー (Transparent)
236,20210628_1133_Mon,ハンドソープ,try_1,SPA,57,,ソープディスペンサー 泡 自動ハンドソープ オートディスペンサー 手洗い 300ml 電池式 壁掛け対応 防水対策 半透明ボト 泡吐出量が自由に調節 洗面所 キッチン お宅 オフィス 学校 などに適用
237,20210628_1133_Mon,ハンドソープ,try_1,SPA,58,B07DWBGKWY,LORCOO ソープディスペンサー 泡 自動 ハンドソープディスペンサー オート センサー 320ml 電池式 ハンドソープ 食器用洗剤 キッチン 洗面所などに適用 半透明ボトル 日本語説明書付き
238,20210628_1133_Mon,ハンドソープ,try_1,SPA,59,B08HSDMX7B,Umimile ソープディスペンサー ハンドソープ 自動 泡 オート センサー 吐出量2段階調整 320ml 充電式 ハンドソープ 食器用洗剤 キッチン 洗面所などに適用 防水 詰め替え
239,20210628_1133_Mon,ハンドソープ,try_1,SPA,60,B075DC6YVW,【医薬部外品】 薬用せっけんミューズ ハンドソープ ノータッチ ミッキーデザイン 詰め替え4個セット 250mL×4個
240,20210628_1133_Mon,洗顔,try_1,SPA,1,,メンズ 洗顔フォーム アンビーク 130ml 濃密ミクロ泡 2種類の泥 低刺激 テカリ 毛穴 乾燥
241,20210628_1133_Mon,洗顔,try_1,SPA,2,,Dove(ダヴ) ビューティモイスチャー乾燥 保湿 クリーミー泡洗顔料 ポンプ + 詰替え 160ml+140ml×2個 + おまけ付 ホワイトフローラルの香り
242,20210628_1133_Mon,洗顔,try_1,SPA,3,,【Amazon.co.jp限定】 ビオレ おうちdeエステ 洗顔ジェル なめらか 240g 気分すっきりリラックスアロマの香り 240g(通常サイズ1.6倍)
243,20210628_1133_Mon,洗顔,try_1,SPA,4,,Nile 濃密泡洗顔 メンズ ヒアルロン酸配合 泡 洗顔せっけん150ｇ
244,20210628_1133_Mon,洗顔,try_1,SPA,5,,バルクオム 洗顔料 100g ( メンズ スキンケア 男性 洗顔 濃密 泡 毛穴 ) BULKHOMME THE FACE WASH
245,20210628_1133_Mon,洗顔,try_1,SPA,6,,洗顔 ハレナ オーガニック フェイスウォッシュ 100g 毛穴 酵素 ヒト型 セラミド もっちり泡 乾燥肌 泥 クレイ メンズ 使用可 洗顔料 洗顔フォーム
246,20210628_1133_Mon,洗顔,try_1,SPA,7,,Dove(ダヴ) センシティブマイルド クリーミー 無添加 敏感肌 乾燥肌 泡洗顔料 詰替え用 140mL×3個 おまけ付き 微香性
247,20210628_1133_Mon,洗顔,try_1,SPA,8,,Dove(ダヴ) ビューティモイスチャー 乾燥 保湿 クリーミー泡洗顔料 詰替え用 140mL×3個 おまけ付き ホワイトフローラルの香り
248,20210628_1133_Mon,洗顔,try_1,SPA,9,,VELUS 洗顔 泥洗顔 酵素 ( 毛穴 角質 角栓 いちご鼻 ) クレイミルク クレンジングミルク 敏感肌 乾燥肌 150g 日本製
249,20210628_1133_Mon,洗顔,try_1,SPA,10,,雪肌精 クリアウェルネス フェイシャル ソープ 洗顔 本体 100g
250,20210628_1133_Mon,洗顔,try_1,SPA,11,,HMENZ 洗顔 メンズ 濃密黒泡 (クレイ 炭 配合） 洗顔 ネット 付き 130g
251,20210628_1133_Mon,洗顔,try_1,SPA,12,,バルクオム 洗顔料 100g 2個セット ( メンズ スキンケア 男性 洗顔 濃密 泡 毛穴 おまとめセット) BULKHOMME THE FACE WASH
252,20210628_1133_Mon,洗顔,try_1,SPA,49,,ETVOS(エトヴォス) 洗顔フォーム モイストアミノフォーム 90g ヒト型セラミド アミノ酸系 乾燥肌/敏感肌
253,20210628_1133_Mon,洗顔,try_1,SPA,50,,ネオ＊ちゅらびはだ 1本(50ml) [ クレンジングジェル まつエクOK 炭酸泡 沖縄県産 天然由来 美容成分 配合 メイク落とし]チュラコス
254,20210628_1133_Mon,洗顔,try_1,SPA,51,,ポーラ B.A ウォッシュ N 【洗顔】100g
255,20210628_1133_Mon,洗顔,try_1,SPA,52,,医薬部外品 洗顔 【 泡 で 毛穴 黒ずみ を徹底対策する 洗顔料 】 フィス ホワイト 無添加 洗顔フォーム 「 しみ くすみ 用 フェイスウォッシュ 」 100g
256,20210628_1133_Mon,洗顔,try_1,SPA,53,,バルクオム 洗顔料 & 泡立てネット 各1個 ( メンズ スキンケア セット フェイスケア 洗顔 洗顔ネット ギフト) BULKHOMME THE FACE WASH & THE BUBBLE NET
257,20210628_1133_Mon,洗顔,try_1,SPA,54,,アテニア (Attenir) ドレスリフト フェイシャルウォッシュ (120g / 約2ケ月分 / 洗顔料) クリームタイプ 洗顔 アロマ 洗顔フォーム（発酵コラーゲン配合）
258,20210628_1133_Mon,洗顔,try_1,SPA,55,,ラ ロッシュ ポゼ【洗顔料】 トレリアン ダーモクレンザー 200mL
259,20210628_1133_Mon,洗顔,try_1,SPA,56,,バルクオム 洗顔料 & 化粧水 & 乳液 各1個 ( メンズ フェイスケア セット 男性向け 3STEP プレゼント ギフト) BULKHOMME THE FACE WASH & THE TONER & THE LOTION
260,20210628_1133_Mon,洗顔,try_1,SPA,57,,オルナ オーガニック 泥 洗顔 「 毛穴 開き 黒ずみ 用」「 泡 ネット 付き」「 コラーゲン 3種類 + ヒアルロン酸 4種類 + ビタミンC 4種類 + セラミド 配合」 130g
261,20210628_1133_Mon,洗顔,try_1,SPA,58,,ORBIS Mr.(オルビス ミスター) 2021年版 ミスター トライアルセット 洗顔 トライアルセット ウォッシュ 14g、ローション 19ｍL、モイスチャー 9g 6.トライアルセット
262,20210628_1133_Mon,洗顔,try_1,SPA,59,,アクシージア (AXXZIA) エイジーセオリー ウォッシングフォーム 100g 洗顔フォーム AG Theory Washing Foam
263,20210628_1133_Mon,洗顔,try_1,SPA,60,,ファンケル (FANCL) 新 ピュアモイスト 泡洗顔料 [泡で出てくる] 150mL×1本（約60回分）洗顔
264,20210628_1133_Mon,メイク落とし,try_1,SPA,1,,ファンケル (FANCL) 新 マイルド クレンジング オイル 1本 120mL (約60回分) マイクレ メイク落とし
265,20210628_1133_Mon,メイク落とし,try_1,SPA,2,B0773Q4M66,ハレナ クレンジングジェル 100%天然由来 毛穴 メイク落とし 敏感肌 無添加 オーガニック ホット w洗顔不要 170g
266,20210628_1133_Mon,メイク落とし,try_1,SPA,3,,洗顔 ハレナ オーガニック フェイスウォッシュ 100g 毛穴 酵素 ヒト型 セラミド もっちり泡 乾燥肌 泥 クレイ メンズ 使用可 洗顔料 洗顔フォーム
267,20210628_1133_Mon,メイク落とし,try_1,SPA,4,B07C48QHWF,LaViness クレンジング メイク落とし ジェル 毛穴開き
268,20210628_1133_Mon,メイク落とし,try_1,SPA,5,,AUBE(オーブ) ブラシひと塗りシャドウN 11ブラウン系 +おまけ付 アイシャドウ セット 4.5g
269,20210628_1133_Mon,メイク落とし,try_1,SPA,6,B0895H4T9L,【Amazon.co.jp限定】 ビオレ パーフェクトオイル メイク落とし クレンジング セット つめかえ用210ml + ミニボトル50ml
270,20210628_1133_Mon,メイク落とし,try_1,SPA,7,,オルナ オーガニック クレンジングジェル 無添加 「 毛穴 開き 黒ずみ 用」 メイク落とし 130ｇ
271,20210628_1133_Mon,メイク落とし,try_1,SPA,8,B08CV4WK3X,メイク落とし オイル クレンジング オルナ オーガニック 200ml 「 お風呂場での メイク落としに 」「 洗顔 にも 使える 」「 コラーゲン ヒアルロン酸 ビタミンC誘導体 配合 日本製 」
272,20210628_1133_Mon,メイク落とし,try_1,SPA,9,,クレンジング メイク落としシート 【 携帯用 の メイク落とし 】 cocojitan 化粧落とし シート 大容量 40枚入り「 洗顔 機能もついた オールインワン 処方」「 メンズ 肌にも優しい５種の 無添加 」「 ｗ洗顔不要 の クレンジングシート 」
273,20210628_1133_Mon,メイク落とし,try_1,SPA,10,B07G1SZMSP,【Amazon.co.jp限定】【感謝プライス】 ドクターシーラボ フォトホワイトC 薬用ホワイトクレンジングミルクEX 150mL 特別セット [化粧落とし/メイク落とし] マイルドクレンジング成分配合 (医薬部外品) VC100エッセンスローションEX ミニ付き
274,20210628_1133_Mon,メイク落とし,try_1,SPA,11,B0811YCX7H,kikimate キキメイト クレンジングジェル メイク落とし クレンジングフォーム【W洗顔不要 まつエクOK】 毛穴汚れ 黒ずみ用 敏感肌 乾燥肌 オイルフリー 無添加 オーガニック 保湿 120g
275,20210628_1133_Mon,メイク落とし,try_1,SPA,12,B08HNH2MCZ,世田谷コスメ クリアクレンジング ジェル ココナッツ 1本 400g（約３か月分）スキンケア 無添加 乾燥ケア
276,20210628_1133_Mon,メイク落とし,try_1,SPA,49,,Fleuri(フルリ)クリアゲルクレンズ 150g (1本)
277,20210628_1133_Mon,メイク落とし,try_1,SPA,50,,ポーラ モイスティシモ クレンジングクリーム 【クレンジング・メイク落とし】120g
278,20210628_1133_Mon,メイク落とし,try_1,SPA,51,,【Amazon.co.jp限定】【感謝プライス】 ドクターシーラボ ナチュラルクレンジングオイル 300mL 特別セット [化粧落とし/メイク落とし/オイルクレンジング] ウォータープルーフ対応 毛穴ケア 美容液成分配合 (スーパーウォッシングフォームEX ミニ付き)
279,20210628_1133_Mon,メイク落とし,try_1,SPA,52,,アテニア (Attenir) スキンクリア クレンズオイル アロマタイプ (レギュラーボトル / 175mL / 2ケ月分) クレンジングオイル (2019リニューアル) クレンジング メイク落とし
280,20210628_1133_Mon,メイク落とし,try_1,SPA,53,,PURESTCS 1箱30個入り スティックの無脂肪ダブルエンド綿棒、メイクアップ修理、メイク落とし、ハイエンド綿棒、柔らかく、無色で無臭、清潔で衛生的、コンパクトで軽量な綿棒、正確なメイクアップ修理、独立したパッケージ、持ち運びが容易
281,20210628_1133_Mon,メイク落とし,try_1,SPA,54,,医薬部外品 メイク落とし ジェル 【 まつエクOK 】 フィス ホワイト ディープ クレンジング 洗顔 ジェル 無添加「 毛穴 開き 黒ずみ さっぱり 」「 ヒアルロン酸 配合」100g
282,20210628_1133_Mon,メイク落とし,try_1,SPA,55,,ビオレ 泡クリームメイク落とし 本体 210ml [毛穴の下地・ファンデをしっかり落とす][オイルフリー][W洗顔不要] クレンジング
283,20210628_1133_Mon,メイク落とし,try_1,SPA,56,,クレンジング バーム 【 優しい メイク落とし タイムへ 】 オルナ オーガニック クレンジングバーム 「 ｗ洗顔不要 の クレンジング 」「 毛穴 汚れ落とし 」「 洗顔 代わりにも 1つで7役 オールインワン 処方 」90g
284,20210628_1133_Mon,メイク落とし,try_1,SPA,57,,【Amazon.co.jp限定】【感謝プライス】 ドクターシーラボ スーパークレンジングEX 特別セット [メイク落とし/化粧落とし] 保湿 温感クレンジング ゲル (スーパーウォッシングフォームEXミニ付き)
285,20210628_1133_Mon,メイク落とし,try_1,SPA,58,,キュレル ジェルメイク落とし 130g
286,20210628_1133_Mon,メイク落とし,try_1,SPA,59,,(ナノア)NANOA クレンジングオイル 医師が大注目のヒト幹細胞 メイク落とし 化粧落とし W洗顔不要 ホホバオイル アルガンオイル 無添加 200mL
287,20210628_1133_Mon,メイク落とし,try_1,SPA,60,,クレンジング 洗顔 セット 【 まつエク対応 メイク落とし ジェル + 泡 で 毛穴 ケア 洗顔料 】「 あわ立てネット 付き 毛穴ケア キット メンズ も 洗い上がり ツルリ 」 無添加 オルナ オーガニック 130ｇ ＆130ｇ
288,20210630_2127_Wed,ルイボス,try_1,SPA,1,,有機ルイボス5袋セット　河村農園　ルイボス100％　ノンカフェイン　無漂白ティーパック　3.0g＊30包　5袋セット　殺菌済み　水出しOK
289,20210630_2127_Wed,ルイボス,try_1,SPA,2,B07ZHBYMWM,有機栽培ルイボスクラシック　河村農園　ルイボスクラシック100％　ノンカフェイン　5.0g＊３０包　殺菌済み　水出しOK
290,20210630_2127_Wed,ルイボス,try_1,SPA,3,B07ZFWYJ2J,ティーライフ ルイボスティー 2.0g×101個 (ノンカフェイン ルイボス茶 水出し お茶 ティーバッグ)
291,20210630_2127_Wed,ルイボス,try_1,SPA,4,B005OUQXW0,八重撫子 オーガニック ルイボスティー 260g(2g×130包) ティーバッグ 有機ルイボス
292,20210630_2127_Wed,ルイボス,try_1,SPA,5,B07NXPFGVV,ルイボスティー オーガニック プレミアムグレード 54包 有機JAS 水出し
293,20210630_2127_Wed,ルイボス,try_1,SPA,6,B075ZRGPC8,生姜 ルイボスティー ３種類 お試しパック 30ティーバッグ入 生姜レッドルイボス・生姜グリーンルイボス・生姜ルイボス ラベンダーブレンド (各種 2.5g×10TB入）
294,20210630_2127_Wed,ルイボス,try_1,SPA,7,B093GBVM9P,ルイボスティー ティーパック 大容量 Honjien tea ほんぢ園 健康茶 2.5g×100包
295,20210630_2127_Wed,ルイボス,try_1,SPA,8,B078X67923,生姜 ルイボスティー 菊芋 巡りChaCha ノンカフェイン ブレンドティー 40包
296,20210630_2127_Wed,ルイボス,try_1,SPA,9,B07V3GVGZ6,伊藤園 お得用 濃いウーロン茶 ティーバッグ 4.0g×120袋
297,20210630_2127_Wed,ルイボス,try_1,SPA,10,B08L3W7L2M,● ルイボスティー ●【最高級100％茶葉の味の秘訣！】 オーガニック100％　有機100％（JAS認定） ノンカフェイン　妊娠中の妊婦さんや、小さい子供も飲める、ルイボス茶　最高級茶葉のマイルドな味わい【茶葉タイプ 100ｇ入】
298,20210630_2127_Wed,ルイボス,try_1,SPA,11,B08XQH1KMJ,濃い 生姜 ルイボスティー (発酵レッドルイボス) ノンカフェイン 30 ティーバッグ入 75g (2.5g×30TB)
299,20210630_2127_Wed,ルイボス,try_1,SPA,12,B092V14BVH,濃い 生姜 ルイボスティー ラベンダーブレンド ノンカフェイン 30 ティーバッグ入 75g (2.5g×30TB)
300,20210630_2127_Wed,ルイボス,try_1,SPA,13,,コカ・コーラ 一(はじめ) やかんの麦茶650mlPET ×24本
301,20210630_2127_Wed,ルイボス,try_1,SPA,14,B08YS8BL81,【Amazon.co.jp限定】コカ・コーラ 綾鷹 茶葉のあまみ ペットボトル (2L×10本)
302,20210630_2127_Wed,ルイボス,try_1,SPA,15,B082V2VPB1,[ なつめいろ ] なつめティー モイスチャーハーブ ( 10パック入 ) なつめ茶 ナツメ 国産なつめ ルイボス エルダーフラワー
303,20210630_2127_Wed,ルイボス,try_1,SPA,16,B0812ZJG2M,[ なつめいろ ] なつめティー モイスチャーハーブ (24パック入 ) なつめ茶 なつめティー ナツメ 棗 国産なつめ ルイボス シナモン ノンカフェイン エルダーフラワー
304,20210630_2127_Wed,ルイボス,try_1,SPA,17,B0813969N6,生姜 ルイボスティー （無発酵グリーンルイボス）ノンカフェイン 30 ティーバッグ入 75g (2.5g×30TB)
305,20210630_2127_Wed,ルイボス,try_1,SPA,18,B08XT1HDJ7,[なつめいろ]なつめのお茶「モイスチャーハーブ」（24個入）2袋セット　なつめとハーブのブレンドティー　ルイボス　シナモン　エルダーフラワー
306,20210630_2127_Wed,ルイボス,try_1,SPA,19,B08R86MBVX,有機グリーン３袋セット ノンカフェイン　河村農園　オーガニックグリーンルイボス100％
307,20210630_2127_Wed,ルイボス,try_1,SPA,20,B0813NF6W4,ティーライフ ルイボスティー 黒豆茶ブレンド ノンカフェイン ティーバッグ 2.0g×110個 水出し お茶
308,20210630_2127_Wed,ルイボス,try_1,SPA,21,B08R32361F,伊藤園 エコティーバッグ おーいお茶 緑茶 (抹茶入り) 1.8g×120袋
309,20210630_2127_Wed,ルイボス,try_1,SPA,22,B08L3VCTM1,グリーン ルイボスティー ティーパック 大容量 非発酵 さっぱり風味 Honjien tea ほんぢ園 健康茶 2.5g×50包
310,20210630_2127_Wed,ルイボス,try_1,SPA,23,B0813Q33Y7,有機グリーン５袋セット ノンカフェイン　河村農園　オーガニックグリーンルイボス100％
311,20210630_2127_Wed,ルイボス,try_1,SPA,24,B00JNMQHMG,【お試し】八重撫子 オーガニック ルイボスティー 60g (2g×30包) ティーバッグ 有機ルイボス 健康茶
312,20210630_2127_Wed,ルイボスティー,try_1,SPA,1,,ティーライフ ルイボスティー 2.0g×101個 (ノンカフェイン ルイボス茶 水出し お茶 ティーバッグ)
313,20210630_2127_Wed,ルイボスティー,try_1,SPA,2,B005OUQXW0,有機ルイボス5袋セット　河村農園　ルイボス100％　ノンカフェイン　無漂白ティーパック　3.0g＊30包　5袋セット　殺菌済み　水出しOK
314,20210630_2127_Wed,ルイボスティー,try_1,SPA,3,B07ZHBYMWM,ルイボスティー オーガニック プレミアムグレード 54包 有機JAS 水出し
315,20210630_2127_Wed,ルイボスティー,try_1,SPA,4,B075ZRGPC8,有機栽培ルイボスクラシック　河村農園　ルイボスクラシック100％　ノンカフェイン　5.0g＊３０包　殺菌済み　水出しOK
316,20210630_2127_Wed,ルイボスティー,try_1,SPA,5,B07ZFWYJ2J,生姜 ルイボスティー 菊芋 巡りChaCha ノンカフェイン ブレンドティー 40包
317,20210630_2127_Wed,ルイボスティー,try_1,SPA,6,B07V3GVGZ6,ティーライフ ルイボスティー 黒豆茶ブレンド ノンカフェイン ティーバッグ 2.0g×110個 水出し お茶
318,20210630_2127_Wed,ルイボスティー,try_1,SPA,7,B08R32361F,ルイボスティー ティーパック 大容量 Honjien tea ほんぢ園 健康茶 2.5g×100包
319,20210630_2127_Wed,ルイボスティー,try_1,SPA,8,B078X67923,アイリスプラザ ルイボスティー ティーバッグ 2g ×100包 200g ノンカフェイン
320,20210630_2127_Wed,ルイボスティー,try_1,SPA,9,B094XLD7Z6,キリン 生茶 お茶 2L PET×9本
321,20210630_2127_Wed,ルイボスティー,try_1,SPA,10,B07QFTC5BM,【お試し】八重撫子 オーガニック ルイボスティー 60g (2g×30包) ティーバッグ 有機ルイボス 健康茶
322,20210630_2127_Wed,ルイボスティー,try_1,SPA,11,B00JNMQHMG,● ルイボスティー ●【最高級100％茶葉の味の秘訣！】 オーガニック100％　有機100％（JAS認定） ノンカフェイン　妊娠中の妊婦さんや、小さい子供も飲める、ルイボス茶　最高級茶葉のマイルドな味わい【茶葉タイプ 100ｇ入】
323,20210630_2127_Wed,ルイボスティー,try_1,SPA,12,B07LGPDG8T,【まとめ買い】ティーライフ ルイボスティー 101個×2袋セット (ノンカフェイン ルイボス茶 水出し お茶 ティーバッグ)
324,20210630_2127_Wed,ルイボスティー,try_1,SPA,13,,伊藤園 ヘルシー ルイボスティー ティーバッグ 180g(3.0g×60袋)×10袋 ノンカフェイン
325,20210630_2127_Wed,ルイボスティー,try_1,SPA,14,B08KHFSPBD,有機栽培ルイボスクラシック　河村農園　ルイボスクラシック100％　ノンカフェイン　5.0g＊３０包　３袋セット　殺菌済み　水出しOK
326,20210630_2127_Wed,ルイボスティー,try_1,SPA,15,B07ZFVZXG6,アイリスプラザ ルイボス茶 ルイボスティー ティーバッグ 2g ×100包 200g 三角ティーバッグ チャック袋
327,20210630_2127_Wed,ルイボスティー,try_1,SPA,16,B094PT2BNF,ルイボス アブジャールティ 2g×30包
328,20210630_2127_Wed,ルイボスティー,try_1,SPA,17,B00TSC74D2,巡りChaCha 国産 ごぼう茶 ノンカフェイン ブレンドティー 40包 (ごぼう茶)
329,20210630_2127_Wed,ルイボスティー,try_1,SPA,18,B082F7VHDY,H&F BELX　プレミアム グリーンルイボスティー　ノンカフェイン (2.5g×20包)
330,20210630_2127_Wed,ルイボスティー,try_1,SPA,19,B07SHRG5SK,Cederberg Tea Company レッドルイボスティー（有機JAS認定レッドルイボス、100袋）
331,20210630_2127_Wed,ルイボスティー,try_1,SPA,20,B08PBM1CMG,● 生姜 ルイボスティー ● ティーバッグ ● 体の中からポカポカ！ ● 夏場エアコンで冷えが気になる方は温活として ● ノンカフェイン で妊娠中や授乳中にも飲める ● 体温まり寝る前にも最適 ● 高知県産 しょうが 使用 ● 無糖・無香料 ● 新発売記念セール特価中 ● ティーパック 20包入（紅茶専門店　京都セレクトショップ）
332,20210630_2127_Wed,ルイボスティー,try_1,SPA,21,B01MQFB2UN,【まとめ買い】オーガニックルイボスティー カップ用101個入×2袋セット《ティーライフ》
333,20210630_2127_Wed,ルイボスティー,try_1,SPA,22,B08L3W7L2M,伊藤園 お得用 濃いウーロン茶 ティーバッグ 4.0g×120袋
334,20210630_2127_Wed,ルイボスティー,try_1,SPA,23,B00NUMELVE,【まとめ買い】ティーライフ ルイボスティー 101個×5袋セット (ノンカフェイン ルイボス茶 水出し お茶 ティーバッグ)
335,20210630_2127_Wed,ルイボスティー,try_1,SPA,24,B07435BCVB,ルイボスティー 250g 業務用 インスタントティー 粉茶 粉末茶 パウダー茶 パウティー
336,20210630_2127_Wed,ティーバッグ,try_1,SPA,1,B08L3WSXZ9,伊藤園 お得用 ワンポット 抹茶入り緑茶 ティーバッグ 2.5g×120袋
337,20210630_2127_Wed,ティーバッグ,try_1,SPA,2,B0736NS2WQ,T&B 使い捨て空の袋 7*9cm ラインティーバッグ不織布圧送 抽出空の ティーバッグ袋 (100個)
338,20210630_2127_Wed,ティーバッグ,try_1,SPA,3,B08L3VCTM1,伊藤園 エコティーバッグ おーいお茶 緑茶 (抹茶入り) 1.8g×120袋
339,20210630_2127_Wed,ティーバッグ,try_1,SPA,4,B08S3MFPTB,紅茶 ティーバッグ アールグレイ 【 ギフト で喜ばれる100袋入り】 AKBAR アクバー 紅茶 ティーバッグ 「 アイスティー や ミルクティー として飲んでも美味しい 人気 の アールグレイ ティー 」「 高級 感漂う香り」
340,20210630_2127_Wed,ティーバッグ,try_1,SPA,5,B07V3GVGZ6,生姜 ルイボスティー 菊芋 巡りChaCha ノンカフェイン ブレンドティー 40包
341,20210630_2127_Wed,ティーバッグ,try_1,SPA,6,B08MWCCDDY,原田園 プチギフト 緑茶 ティーバッグ 2ｇ×5個入り 和風柄 日本 3箱セット (緑茶、玄米茶、焙じ茶)
342,20210630_2127_Wed,ティーバッグ,try_1,SPA,7,B0753FLM5F,ジャスミンティー お徳用TB大 200g
343,20210630_2127_Wed,ティーバッグ,try_1,SPA,8,B08LNKYY2P,茶つみの里 国産 菊芋茶 ティーバッグ 2g×50包入
344,20210630_2127_Wed,ティーバッグ,try_1,SPA,9,B08RBGY52R,茶つみの里 国産 柿の葉茶 ティーバッグ 2.5g×50包入
345,20210630_2127_Wed,ティーバッグ,try_1,SPA,10,B08RBG8QB3,茶つみの里 国産 桑の葉茶 ティーバッグ 2.5g×50包入
346,20210630_2127_Wed,ティーバッグ,try_1,SPA,11,B00406Z5RS,国産 よもぎ茶 ティーパック Honjien tea ほんぢ園 健康茶 3g×20p
347,20210630_2127_Wed,ティーバッグ,try_1,SPA,12,B08KGBPHRX,茶つみの里 国産 ごぼう茶 ティーバッグ 2g×50包入
348,20210630_2127_Wed,ティーバッグ,try_1,SPA,13,B082F7VHDY,巡りChaCha 国産 ごぼう茶 ノンカフェイン ブレンドティー 40包 (ごぼう茶)
349,20210630_2127_Wed,ティーバッグ,try_1,SPA,14,B08YGT6P2N,ポータブル 膣 スパ ヨニ スチーム シート 椅子 腰湯 ハーブ ティー バッグなし ピンク
350,20210630_2127_Wed,ティーバッグ,try_1,SPA,15,B075NDM5S4,[機能性表示食品] 伊藤園 まるごと健康粉末茶 濃いみどり スティック 2.5g×20本
351,20210630_2127_Wed,ティーバッグ,try_1,SPA,16,B08GLWJ6L3,[機能性表示食品] 伊藤園 おーいお茶 さらさら濃い茶 80g (チャック付き袋タイプ) 粉末
352,20210630_2127_Wed,ティーバッグ,try_1,SPA,17,B08PVSXFZP,茶つみの里 国産 なた豆茶 ティーバッグ 3g×40包入
353,20210630_2127_Wed,ティーバッグ,try_1,SPA,18,B084RQWW6H,茶つみの里 お徳用抹茶入り深蒸し茶 ティーバッグ 2.5g×100個入 ティーパック 100包 緑茶 お茶
354,20210630_2127_Wed,ティーバッグ,try_1,SPA,19,B005KYV88Y,八女茶 玉露 ティーバッグ お茶 TE-85 3ｇ入×15袋 2パック ゆのみ用 八女茶の里
355,20210630_2127_Wed,ティーバッグ,try_1,SPA,20,B08J63MQRD,OSK福建省・強・深発酵 黒烏龍茶 5g×104袋 ティーバッグ
356,20210630_2127_Wed,ティーバッグ,try_1,SPA,21,B08KZ6VYPK,杉本園「紐付き煎茶ティーバッグ」60g
357,20210630_2127_Wed,ティーバッグ,try_1,SPA,22,B08L3W7L2M,伊藤園 お得用 濃いウーロン茶 ティーバッグ 4.0g×120袋
358,20210630_2127_Wed,ティーバッグ,try_1,SPA,23,B08JQG7YFP,原田園 プチギフト 緑茶 ティーバッグ 2ｇ×5個入り 和風柄 日本 3箱セット (緑茶)
359,20210630_2127_Wed,ティーバッグ,try_1,SPA,24,B08KZGXDN7,杉本園「紐付き紅茶ティーバッグ」60g
360,20210630_2127_Wed,紅茶,try_1,SPA,1,B08WXTCCV2,キリン 午後の紅茶 ミルクティー 500ml PET ×24本
361,20210630_2127_Wed,紅茶,try_1,SPA,2,B08S3MFPTB,紅茶 ティーバッグ アールグレイ 【 ギフト で喜ばれる100袋入り】 AKBAR アクバー 紅茶 ティーバッグ 「 アイスティー や ミルクティー として飲んでも美味しい 人気 の アールグレイ ティー 」「 高級 感漂う香り」
362,20210630_2127_Wed,紅茶,try_1,SPA,3,B08VHGB32M,UCC 紅茶の時間 ティーウィズオレンジ 低糖 ペットボトル 930ml ×12本
363,20210630_2127_Wed,紅茶,try_1,SPA,4,B07QCRKCWY,キリン 午後の紅茶 おいしい無糖 2L PET×9本
364,20210630_2127_Wed,紅茶,try_1,SPA,5,B08ZLKVSPT,電気ケトル ガラス 【LEDライト付き】電気 ケトル ポット 電子ケトル 【コップ1杯95秒】1.0L [Latuna] コーヒー ゆわかしケトル 湯沸かしポット 小型 おしゃれ 紅茶 お茶 空焚き防止 PSE認証済み
365,20210630_2127_Wed,紅茶,try_1,SPA,6,B07Z98VHHQ,ニルギリ産紅茶 ティーバック15包 (BOP) SOUTH INDIA TEA HOUSE
366,20210630_2127_Wed,紅茶,try_1,SPA,7,B077N4XJWX,きごころ 和紅茶 バラエティ ギフト ティーバッグ
367,20210630_2127_Wed,紅茶,try_1,SPA,8,B01G22PL6C,[トクホ] ヘルシア 紅茶 350ml×24本
368,20210630_2127_Wed,紅茶,try_1,SPA,9,B083SBVXN5,PluieSoleil ティーポット 耐熱ガラス 急須 ガラスティーポット 茶こし ガラス 紅茶ポット 500ml
369,20210630_2127_Wed,紅茶,try_1,SPA,10,B07ZCDB1L7,ニルギリ産紅茶リーフ100g ( BOP) SOUTH INDIA TEA HOUSE
370,20210630_2127_Wed,紅茶,try_1,SPA,11,B08KZGXDN7,杉本園「紐付き紅茶ティーバッグ」60g
371,20210630_2127_Wed,紅茶,try_1,SPA,12,B0874JDM62,きごころ 和紅茶 有田焼 マグカップ& 和紅茶 ギフト (ジャスミン)
372,20210630_2127_Wed,紅茶,try_1,SPA,13,B08WQCCHZR,コンブチャ × 5種の炭 × 麹 260種の酵素 乳酸菌 ×酪酸菌 × ユーグレナ バイオペリン® ミドリムシ 穀物麹 難消化性デキストリン サプリメント
373,20210630_2127_Wed,紅茶,try_1,SPA,14,B08M1GQ6H2,味の素 クノール カップスープ 野菜のポタージュ バラエティセット 21本入り 【スティックスープ】 【つぶコーン7本、トマト7本、きのこ7本】
374,20210630_2127_Wed,紅茶,try_1,SPA,15,B07W3QF38C,大塚食品 シンビーノ ジャワティストレート レッド 瓶 375ml ×20本
375,20210630_2127_Wed,紅茶,try_1,SPA,16,B0051OOM68,BODUM ボダム CHAMBORD シャンボール フレンチプレス コーヒーメーカー 350ml シルバー 【正規品】 1923-16J
376,20210630_2127_Wed,紅茶,try_1,SPA,17,B07JG5L2JM,(KUSMI TEA) クスミティー エッセンシャル ティーバッグ (個別包装あり) 2.2g×24袋入り (12種類、各2袋入り) [正規輸入品] ESSEN04
377,20210630_2127_Wed,紅茶,try_1,SPA,18,B00U7F88CA,日東紅茶 アールグレイ紅茶 110g
378,20210630_2127_Wed,紅茶,try_1,SPA,19,B091Y2HPTK,【静岡県産 紅茶】島田熟成紅茶 ティーバッグ10P -日本茶AWARD 2017 審査員奨励賞-
379,20210630_2127_Wed,紅茶,try_1,SPA,20,B005V7MJNI,ムレスナ セイロン紅茶 フレーバーティー 【白桃アールグレイ】 ティーバッグ 2.5g×18個 【セイロン紅茶専門店厳選】
380,20210630_2127_Wed,紅茶,try_1,SPA,21,B07Z35YS2H,マリアージュ フレール 紅茶の贈り物 (セイロンラトナピュラ マルコポーロ NGS1C)
381,20210630_2127_Wed,紅茶,try_1,SPA,22,B07ZCDMBKL,ニルギリ産紅茶リーフ70g (SFTGFOP) SOUTH INDIA TEA HOUSE
382,20210630_2127_Wed,紅茶,try_1,SPA,23,B08KG9B9DD,コカ・コーラ 紅茶花伝 クラフティー 贅沢しぼりピーチティー 440mlPET ×24本
383,20210630_2127_Wed,紅茶,try_1,SPA,24,B07ZCDQ7B9,ニルギリ産紅茶 ティーバック15包(BOPF) SOUTH INDIA TEA HOUSE
384,20210630_2127_Wed,ハーブティー,try_1,SPA,1,B07Y44783G,青いお茶 バタフライピー＆レモングラス（ミックスドライ天然茶葉）『ハーブティー』 お得に大容量 200g 【無農薬栽培・天然乾燥・無添加】Butterflypea & Lemongrass ( Mix ) Herb Tea 200g
385,20210630_2127_Wed,ハーブティー,try_1,SPA,2,B071GR4KL6,[ なつめいろ ] なつめティー オリエンタルハーブ (10パック入) なつめ茶 なつめティ オリエンタルハーブ ナツメ 棗 国産なつめ ハイビスカス 生姜
386,20210630_2127_Wed,ハーブティー,try_1,SPA,3,B071GR3BRM,[なつめいろ] なつめティー オリエンタルハーブ (24パック入) なつめ茶 なつめティー オリエンタル ハーブ ナツメ 棗 国産なつめ ハイビスカス 生姜 スギナ
387,20210630_2127_Wed,ハーブティー,try_1,SPA,4,B07VCMY9NZ,t.（ティードット） 南阿蘇 ハーブティー 幸せのお茶会 ５箱セット ノンカフェイン ５包×5箱 箱入り ギフト プレゼント
388,20210630_2127_Wed,ハーブティー,try_1,SPA,5,B08WC9XGVC,ブレンド ハーブティー EDOBIO（エドビオ） リラックスフロー ティーバッグ 40g 2gx20包 ブルーベリー くにさと35号 合成着色料 合成香料 合成保存料不使用
389,20210630_2127_Wed,ハーブティー,try_1,SPA,6,B08MPYY1HG,国産有機ハーブティー (レモングラス 1.5g×10P)
390,20210630_2127_Wed,ハーブティー,try_1,SPA,7,B01M02SBMC,ハーブティー オーガニック お試しセット (リフレッシュ) ×5袋
391,20210630_2127_Wed,ハーブティー,try_1,SPA,8,B08HM8NRJR,【食べれる最高級クラス！】天然イート・ローズヒップティー 200g ノンカフェイン オーガニック 有機 妊婦 妊活 ハーブティー
392,20210630_2127_Wed,ハーブティー,try_1,SPA,9,B01LXH6EGI,ナチュラルショップ なごみ ハーブティー オーガニック お試しセット (ビューティー) ×5袋
393,20210630_2127_Wed,ハーブティー,try_1,SPA,10,B07V3GVGZ6,生姜 ルイボスティー 菊芋 巡りChaCha ノンカフェイン ブレンドティー 40包
394,20210630_2127_Wed,ハーブティー,try_1,SPA,11,B07KQBRKBW,ETNO 130年間の伝統が続く老舗ハーブティー◆ 15ｇ×22ティーバッグ■無添加・無香料・ノンカフェイン・天然のお茶 (ベルベットナイト［2箱セット］)
395,20210630_2127_Wed,ハーブティー,try_1,SPA,12,B07VDNH4MY,t.（ティードット） 南阿蘇 ハーブティー セレクトセットC ノンカフェイン ５包×2箱 詰め合わせ ギフト プレゼント
396,20210630_2127_Wed,ハーブティー,try_1,SPA,13,,ハーブティー オーガニック お試しセット (ウーマンバランス) ×5袋
397,20210630_2127_Wed,ハーブティー,try_1,SPA,14,B01LWTPBBS,ブレンド ハーブティー EDOBIO（エドビオ） グリーンティー スリム ティーバッグ 40g 2gx20包 ブルーベリー くにさと35号 合成着色料 合成香料 合成保存料不使用
398,20210630_2127_Wed,ハーブティー,try_1,SPA,15,B08WCLSP1C,ダイエットほうじ茶 40g 残留農薬試験実施済み ハーブティー ブレンドティー サラシア ほうじ茶 マルベリー メディカルハーブ 薬膳 美容 ルイボスティー ダイエット 脂肪
399,20210630_2127_Wed,ハーブティー,try_1,SPA,16,B08SLX69YJ,ダイエットティーデトックイーンamazon限定お得な３個セット
400,20210630_2127_Wed,ハーブティー,try_1,SPA,17,B00762FSWU,ゾネントア SONNENTOR ハーブティー オーガニック ティーバッグ ノンカフェイン ブレンド 月のお茶 上弦のお茶
401,20210630_2127_Wed,ハーブティー,try_1,SPA,18,B08V859R78,お試し 紅茶 はなこ 蜜りんごの和紅茶ティーバッグ 2g×5個入り×1袋
402,20210630_2127_Wed,ハーブティー,try_1,SPA,19,B07PGBY2HV,コンナルス配合ハーブティー　16包入り　シリーズ (ローズブレンド　麗　Urara)
403,20210630_2127_Wed,ハーブティー,try_1,SPA,20,B08TVM33J4,ハーバル堂 ハーブティー ハトムギ ローズヒップ レモングラス 美容茶ブレンド スベスベティー 30個入り ノンカフェイン 合成香料・合成保存料・合成着色料不使用
404,20210630_2127_Wed,ハーブティー,try_1,SPA,21,B01LXSWA5U,ナチュラルショップ なごみ ハーブティー オーガニック お試しセット (ディフェンス) ×5袋
405,20210630_2127_Wed,ハーブティー,try_1,SPA,22,B01LY4LNJC,ハーブティー オーガニック お試しセット (リラックス) ×5袋
406,20210630_2127_Wed,ハーブティー,try_1,SPA,23,B01M0EELRN,ナチュラルショップ なごみ ハーブティー オーガニック お試しセット (パワーアップ) ×5袋
407,20210630_2127_Wed,ハーブティー,try_1,SPA,24,B01LX5FW7R,ナチュラルショップ なごみ マリーゴールド ハーブティー オーガニック 50g 1 袋
408,20210630_2127_Wed,ティーリーフ,try_1,SPA,1,B07ZVVBFLC,ティーリーフフラワーエッセンス《シャンドゥルール》20ml
409,20210630_2127_Wed,ティーリーフ,try_1,SPA,2,B084CBJNCS,ポピー ティーリーフブッシュ/グリーン 23cm FG-5073GR
410,20210630_2127_Wed,ティーリーフ,try_1,SPA,3,B084RTV6FT,ASCA 造花 ティーリーフブッシュ グリーンピンク 全長:40cm
411,20210630_2127_Wed,ティーリーフ,try_1,SPA,4,B07D39KGS5,ASCA 造花 グリーン 25×25cm ティーリーフボール A-42795-051A
412,20210630_2127_Wed,ティーリーフ,try_1,SPA,5,B078GHDH5N,ラズベリーリーフティー（ブルガリア産・ハーブティー・ノンカフェイン）1.5g×50ティーバッグ入り
413,20210630_2127_Wed,ティーリーフ,try_1,SPA,6,B0964MMXSC,ティーキャニスター、セラミック家庭用ティーリーフ缶ティーリーフ用2個
414,20210630_2127_Wed,ティーリーフ,try_1,SPA,7,B0746N99DP,asca 造花 ティーリーフブッシュバイン 88×20cm スプリンググリーン A-42640-051S
415,20210630_2127_Wed,ティーリーフ,try_1,SPA,8,B0973HPQ9G,ティーオーガナイザー、ティーリーフ用多機能ティーリーフ収納ポット
416,20210630_2127_Wed,ティーリーフ,try_1,SPA,9,B07GKBXPR1,アスカ 造花 ティーリーフマット/ホワイト 30×30cm AX69289-001
417,20210630_2127_Wed,ティーリーフ,try_1,SPA,10,B095XPD4DK,2個のティーリーフ缶、2個のホーム用リビングルーム用ティーキャニスターキッチンコンテナ
418,20210630_2127_Wed,ティーリーフ,try_1,SPA,11,B09491Y4L7,ティーインフューザー、ティーリーフストレーナーティーストレーナー、ルーズリーフティーホーム用
419,20210630_2127_Wed,ティーリーフ,try_1,SPA,12,B095YN6V2K,ティーキャニスター、ティーリーフ用セラミックオレンジ型装飾ティーリーフ収納ポット
420,20210630_2127_Wed,ティーリーフ,try_1,SPA,13,B01M02SBMC,ハーブティー オーガニック お試しセット (リフレッシュ) ×5袋
421,20210630_2127_Wed,ティーリーフ,try_1,SPA,14,B01LWTPBBS,ハーブティー オーガニック お試しセット (ウーマンバランス) ×5袋
422,20210630_2127_Wed,ティーリーフ,try_1,SPA,15,B08MS9KZHW,鬼滅の刃 煉獄杏寿郎 枕カバー まくらカバー 抱き枕カバー クッションカバー アニメ キャラクター おしゃれ 洗える ファスナー式 インテリア 幅７５cm×縦５０cm
423,20210630_2127_Wed,ティーリーフ,try_1,SPA,16,B07PKQ6WYS,驚きのスッキリ感 ハーブティー キャンドルブッシュ茶 ダイエット 紅茶 (4g×30包)
424,20210630_2127_Wed,ティーリーフ,try_1,SPA,17,B0753F7DPN,Mug&Pot プーアルティー リーフ 80g
425,20210630_2127_Wed,ティーリーフ,try_1,SPA,18,B07JK972KG,ラズベリーリーフティー（ブルガリア産・ハーブティー・ノンカフェイン）1.5g×100ティーバッグ入り
426,20210630_2127_Wed,ティーリーフ,try_1,SPA,19,B005J2JGTK,ストロベリーリーフティー 50g：ハーブティー
427,20210630_2127_Wed,ティーリーフ,try_1,SPA,20,B08X2BRZBC,ティーブティック やすらぎラズベリーリーフティー 1袋（1.5g×8TB入り）×2個セット まとめ買い ノンカフェイン ハーブティー ティーバッグ
428,20210630_2127_Wed,ティーリーフ,try_1,SPA,21,B07GKR3RGG,アスカ 造花 ティーリーフマット/シルバーゴールド 30×30cm AX69290-050G
429,20210630_2127_Wed,ティーリーフ,try_1,SPA,22,B0962XQ6BH,ティーキャニスター、ティーリーフ用デスクトップティーリーフ収納ポットセラミック
430,20210630_2127_Wed,ティーリーフ,try_1,SPA,23,B08JLMZ8Z6,ティーリーフフリッター、美しいティーストレーナー、ホームオフィス用
431,20210630_2127_Wed,ティーリーフ,try_1,SPA,24,B07DZTYQR5,【コンナルス配合 ハーブティー】 （リーフタイプ） 煌　Kirameki 30g
432,20210630_2127_Wed,茶葉 紅茶,try_1,SPA,1,,和香園 紅茶リーフセット 和紅茶 ウーロン紅茶 ギフト｜鹿児島茶 日本茶 べにふうき 茶葉 詰め合わせ 贈答
433,20210630_2127_Wed,茶葉 紅茶,try_1,SPA,2,B07MBVDPDC,紅茶 茶葉 茘枝紅茶 プレミアム30g(5gX6p) 福建省産 ライチ ミルクティ アフタヌーンティー 中国茶 お茶 メール便
434,20210630_2127_Wed,茶葉 紅茶,try_1,SPA,3,B00UUM2Y6G,[新原製茶] 知覧茶 紅茶セット S25 知覧煎茶 80g 知覧 深むし茶 80g 鹿児島産 紅茶 T.B2g×10P/お茶 知覧茶 茶葉 紅茶 リーフ
435,20210630_2127_Wed,茶葉 紅茶,try_1,SPA,4,B08X4X89RQ,idecafe イデカフェ ダージリン 紅茶 茶葉 idetee イデッティー… (200ｇ)
436,20210630_2127_Wed,茶葉 紅茶,try_1,SPA,5,B089KPXL4D,日東紅茶 水出しアイスティー ピーチティー&ローズヒップ TB 500ml×12袋入×6袋
437,20210630_2127_Wed,茶葉 紅茶,try_1,SPA,6,B07BB38TG1,有機かりがね茶【国産無農薬の緑茶】お茶 茶 水出し 茶葉のうまみをぎゅっと凝縮 粉末 カテキン カテキン緑茶 日本茶 お茶の葉 母の日や父の日のプレゼントにも [京都宇治ヤマサン] 100g
438,20210630_2127_Wed,茶葉 紅茶,try_1,SPA,7,B083JGZTPY,和香園 TEAET Ohsumi Oolong Black TEA 50g 日本茶AWARD2019ファインプロダクト賞受賞｜日本茶 紅茶 烏龍茶 ウーロン茶 緑茶 深蒸し茶 煎茶 茶葉 リーフ
439,20210630_2127_Wed,茶葉 紅茶,try_1,SPA,8,B0817F4CV6,【モクシャチャイ】レンジ deチャイ マサラチャイ アッサム茶葉 CTC 紅茶 ティーバッグ 15包 チャイティー ギフト【5種のスパイス】 (1. マサラチャイ)
440,20210630_2127_Wed,茶葉 紅茶,try_1,SPA,9,B088G1TSSH,抹茶パウダー 製菓用 抹茶 粉末 【国産・無農薬の有機抹茶でスイーツ作りに最適】 宇治抹茶 お茶 茶 カテキン 日本茶 お茶の葉 オーガニック 茶葉のうまみをぎゅっと凝縮 [京都宇治ヤマサン] ケーキ・ベーカリー用 (100g)
441,20210630_2127_Wed,茶葉 紅茶,try_1,SPA,10,B08BNJ1LL8,ニルギリ産紅茶リーフ100g ( BOP) SOUTH INDIA TEA HOUSE
442,20210630_2127_Wed,茶葉 紅茶,try_1,SPA,11,B07ZCDB1L7,日東紅茶 水出しアイスティー アールグレイ TB 12袋入×6袋
443,20210630_2127_Wed,茶葉 紅茶,try_1,SPA,12,B092CN3FHD,カネ松製茶【静岡県産 紅茶】いちご紅茶 ティーバッグ２０袋
444,20210630_2127_Wed,茶葉 紅茶,try_1,SPA,13,B08XV38PJM,ブルーベリー エキナセア 有機生姜 ビタミンC 酒粕粉末 ビタミンＤ 【国産】茎葉専用種ブルーベリー サプリメント
445,20210630_2127_Wed,茶葉 紅茶,try_1,SPA,14,B08KQDSCFH,[機能性表示食品] 伊藤園 おーいお茶 お抹茶 パウダー スティック 1.7g×32本 粉末
446,20210630_2127_Wed,茶葉 紅茶,try_1,SPA,15,B07B6K591D,三井銘茶 遊香茶館 白桃烏龍 10袋入×4個
447,20210630_2127_Wed,茶葉 紅茶,try_1,SPA,16,B0088KQI4Q,アイシー製薬 神の草ヒュウガトウキのお茶 30包
448,20210630_2127_Wed,茶葉 紅茶,try_1,SPA,17,B083JHXFVH,有機釜炒りほうじ茶 【国産無農薬のお茶】 茶 茶葉のうまみをぎゅっと凝縮 カテキン 日本茶 お茶の葉 母の日や父の日のプレゼントにも [京都宇治ヤマサン] 300g (150g×2袋)
449,20210630_2127_Wed,茶葉 紅茶,try_1,SPA,18,B08S3MFPTB,紅茶 ティーバッグ アールグレイ 【 ギフト で喜ばれる100袋入り】 AKBAR アクバー 紅茶 ティーバッグ 「 アイスティー や ミルクティー として飲んでも美味しい 人気 の アールグレイ ティー 」「 高級 感漂う香り」
450,20210630_2127_Wed,茶葉 紅茶,try_1,SPA,19,B088FZFKBL,【モクシャチャイ】レンジ deチャイ 生姜紅茶 濃いジンジャーマサラチャイ アッサム茶葉 CTC 紅茶 ティーバッグ 15包 チャイティー ギフト【濃厚生姜】 (3. 濃厚ジンジャーチャイ)
451,20210630_2127_Wed,茶葉 紅茶,try_1,SPA,20,B003Q3R2S6,三井農林 ホワイトノーブル紅茶 ( アルミ・ティーバッグ ) ブルーベリー 2.2g×50個
452,20210630_2127_Wed,茶葉 紅茶,try_1,SPA,21,B018TNWKZC,ばんどう紅茶 ノンカフェイン 生姜紅茶 60ティーバッグ入
453,20210630_2127_Wed,茶葉 紅茶,try_1,SPA,22,B07ZCF4H4T,ニルギリ産紅茶リーフ70g (FOP) SOUTH INDIA TEA HOUSE
454,20210630_2127_Wed,茶葉 紅茶,try_1,SPA,23,B08BK692R8,茶空民 CHA・KUU・MIN 天空の紅茶 和紅茶 ティーバッグ【茜】2.5ｇ25個入り
455,20210630_2127_Wed,茶葉 紅茶,try_1,SPA,24,B091Y2HPTK,【静岡県産 紅茶】島田熟成紅茶 ティーバッグ10P -日本茶AWARD 2017 審査員奨励賞-
